text,type,labelname
"എങ്ങനെയാണ് സെർഫോം വികസിപ്പിച്ചത്, തുടർന്ന് റഷ്യ വിട്ടു?",manner,DESC
പോപ്പി ഡോയൽ എന്ന കഥാപാത്രത്തെ അവതരിപ്പിച്ച സിനിമകൾ ഏതാണ്?,cremat,ENTY
സെലിബ്രിറ്റികളുടെ യഥാർത്ഥ പേരുകളുടെ ഒരു ലിസ്റ്റ് എനിക്ക് എങ്ങനെ കണ്ടെത്താനാകും?,manner,DESC
ചൈനീസ് കുരങ്ങൻ വർഷത്തിനു ശേഷം ശ്രദ്ധ പിടിച്ചുപറ്റുന്ന കോഴി ഏതാണ്?,animal,ENTY
.com-ന്റെ പൂർണ്ണ രൂപം എന്താണ്?,exp,ABBR
ഏത് നിന്ദ്യനായ നീചനാണ് എന്റെ ഉച്ചഭക്ഷണത്തിൽ നിന്ന് കോർക്ക് മോഷ്ടിച്ചത്?,ind,HUM
ബേസ്ബോളിന്റെ സെന്റ് ലൂയിസ് ബ്രൗൺസ് ഏത് ടീമായി മാറി?,gr,HUM
ഏറ്റവും പഴയ തൊഴിൽ ഏതാണ്?,title,HUM
കരൾ എൻസൈമുകൾ എന്തൊക്കെയാണ്?,def,DESC
ദി ഓൾഡ് വെസ്റ്റിലെ സ്‌കാർ-ഫേസ്ഡ് ബൗണ്ടി ഹണ്ടറിന്റെ പേര്.,ind,HUM
എപ്പോഴാണ് ഓസി ഓസ്ബോൺ ജനിച്ചത്?,date,NUM
എന്തുകൊണ്ടാണ് ഭാരമുള്ള വസ്തുക്കൾ വേഗത്തിൽ താഴേക്ക് സഞ്ചരിക്കുന്നത്?,reason,DESC
യാങ്കികളുടെ അഭിമാനം ആരായിരുന്നു?,ind,HUM
ആരാണ് ഗാന്ധിയെ കൊന്നത്?,ind,HUM
ഇൻഷുറൻസ് വ്യവസായം ഇതുവരെ നേരിട്ടിട്ടുള്ളതിൽ വച്ച് ഏറ്റവും ചെലവേറിയ ദുരന്തമായി കണക്കാക്കപ്പെടുന്നത് എന്താണ്?,event,ENTY
ഏത് യുഎസ് സംസ്ഥാനത്താണ് ഏറ്റവും കൂടുതൽ വിമാനത്താവളങ്ങൾ ഉള്ളത്?,state,LOC
യു.എസ് ഭരണഘടനയുടെ റദ്ദാക്കിയ ഒരേയൊരു ഭേദഗതി എന്താണ് കൈകാര്യം ചെയ്തത്?,desc,DESC
രണ്ടാം ലോകമഹായുദ്ധസമയത്ത് തടങ്കൽപ്പാളയങ്ങളിൽ വച്ച് എത്ര ജൂതന്മാരെ വധിച്ചു?,count,NUM
എന്താണ് `` ഒമ്പത് ഇഞ്ച് നഖങ്ങൾ'?,def,DESC
എന്താണ് ഒരു വ്യാഖ്യാന ഗ്രന്ഥസൂചിക?,def,DESC
ബോക്സിംഗ് ഡേയുടെ തീയതി എന്താണ്?,date,NUM
കുത്തകയിൽ ഏത് വസ്ത്രങ്ങളാണ് ടോക്കണുകൾ?,other,ENTY
പ്രശസ്തരായ 11 രക്തസാക്ഷികളുടെ പേര് നൽകുക,ind,HUM
എന്താണ് ഒളിമ്പിക് മുദ്രാവാക്യം?,desc,DESC
സ്കാർലറ്റ് എന്ന പേരിന്റെ ഉത്ഭവം എന്താണ്?,desc,DESC
ഇംഗ്ലീഷിൽ ഏറ്റവും കൂടുതൽ ഉപയോഗിക്കുന്ന രണ്ടാമത്തെ സ്വരാക്ഷരമെന്താണ്?,letter,ENTY
സില്ലി പുട്ടിയുടെ ഉപജ്ഞാതാവ് ആരായിരുന്നു?,ind,HUM
യുണൈറ്റഡ് സ്റ്റേറ്റ്സിലെ ഏറ്റവും ഉയരമുള്ള വെള്ളച്ചാട്ടം ഏതാണ്?,other,LOC
മർട്ടിൽ ബീച്ചിലെ ഒരു ഗോൾഫ് കോഴ്സിന് പേര് നൽകുക,other,ENTY
ചെസാപീക്ക് ബേ ഉൾക്കൊള്ളുന്ന രണ്ട് സംസ്ഥാനങ്ങൾ ഏതാണ്?,state,LOC
എയ്ഡ്സ് എന്ന ചുരുക്കെഴുത്ത് എന്തിനെ സൂചിപ്പിക്കുന്നു?,exp,ABBR
ഒരു ബീജരോഗവിദഗ്ദ്ധൻ എന്താണ് ശേഖരിക്കുന്നത്?,other,ENTY
ഒരു ഫൈവ്‌പിൻ ബൗളിംഗ് സ്‌കോർ എത്ര പോയിന്റാണ്?,count,NUM
വീഡിയോ ഗെയിം ഹാർഡ്‌വെയർ നിർമ്മിക്കുന്ന ഏത് കമ്പനിയാണ് `` സൂപ്പർ സിസ്റ്റം' വിൽക്കുന്നത്?,gr,HUM
മോണോപൊളിയിൽ എത്ര കമ്മ്യൂണിറ്റി ചെസ്റ്റ് കാർഡുകൾ ഉണ്ട്?,count,NUM
മോർമോൺസ് എന്താണ് വിശ്വസിക്കുന്നത്?,desc,DESC
നിയാണ്ടർത്തൽ മനുഷ്യൻ എപ്പോഴാണ് ജീവിച്ചിരുന്നത്?,date,NUM
ഏത് മതത്തിലാണ് ഐസിസ് പ്രകൃതി ദേവതയായത്?,religion,ENTY
`` ദി സ്വിസ് ഫാമിലി റോബിൻസൺ' ന്റെ സാഹസികത എവിടെയാണ് നടക്കുന്നത്?,other,LOC
റാക്കൂണിന്റെ ഏത് ബന്ധുവാണ് ചിലപ്പോൾ പൂച്ച കരടി എന്നറിയപ്പെടുന്നത്?,animal,ENTY
യാഹൂവിൽ എന്റെ വെബ്‌സൈറ്റ് എങ്ങനെ സൗജന്യമായി രജിസ്റ്റർ ചെയ്യാം?,manner,DESC
പണബോധമുള്ള കേണൽ എഡ്വിൻ എൽ ഡ്രേക്ക് ആദ്യം ഡ്രിൽ ചെയ്തത് എന്താണ്?,other,ENTY
ലോകത്ത് എത്ര പേർ ഫ്രഞ്ച് സംസാരിക്കുന്നു?,count,NUM
വീനസ് ഡി മിലോയ്ക്ക് ആറടിയിൽ എത്ര ഇഞ്ചുണ്ട്?,count,NUM
അവർ എങ്ങനെയാണ് ഒരു വധശിക്ഷയ്ക്ക് സാക്ഷികളെ കണ്ടെത്തുന്നത് അല്ലെങ്കിൽ തിരഞ്ഞെടുക്കുന്നത്?,manner,DESC
1920കളിലെ കൗബോയ് താരം ടോണി ദി വണ്ടർ ഹോഴ്‌സിൽ കയറിയത് എന്താണ്?,ind,HUM
ഏത് കോക്ടെയ്ൽ ജോൺ ഡോക്‌സാറ്റിനെ ഇളക്കി-നോട്ട് കുലുക്കി എന്ന പുസ്തകം എഴുതാൻ പ്രേരിപ്പിച്ചു?,food,ENTY
കരീബിയനിൽ എന്ത് ISP-കൾ നിലവിലുണ്ട്?,gr,HUM
തീർത്തും അപരിചിതനായ ഒരാളോട് നിങ്ങൾ എങ്ങനെയാണ് ഒരു തീയതിയിൽ പോകാൻ ആവശ്യപ്പെടുക?,manner,DESC
പുരാണകഥാപാത്രമായ അപ്പോളോ ഏത് ആയുധത്തിലാണ് ഏറ്റവും പ്രഗത്ഭനായത്?,other,ENTY
ഗാലപാഗോസ് ദ്വീപുകൾ ഏത് രാജ്യത്തിന്റേതാണ്?,country,LOC
എന്താണ് എഥോളജി?,def,DESC
മുസ്ലിം ജനതയുടെ പ്രവാചകൻ ആരായിരുന്നു?,ind,HUM
`` 86ed' എന്ന പദം എവിടെ നിന്ന് വന്നു?,desc,DESC
ആരാണ് സ്നൂപ്പിയുടെ മുഖ്യ ശത്രു?,ind,HUM
പഠനത്തിന്റെ സ്വഭാവം എന്താണ്?,def,DESC
ജോണി കാഷ് സ്റ്റേജിൽ ധരിക്കുന്ന ഒരേയൊരു നിറമേത്?,color,ENTY
ഒരു യുവ കുറുക്കന്റെ പദം എന്താണ്?,termeq,ENTY
ആറ് പതാകകൾക്ക് കീഴിൽ ജീവിച്ചിരുന്ന യു.എസ്.,state,LOC
എന്താണ് കശ്മീർ പ്രശ്നം?,def,DESC
ലൂപ്പ് എവിടെയാണ്?,other,LOC
"`` വിപുലീകൃത നിർവ്വചനം' എന്താണ് അർത്ഥമാക്കുന്നത്, അതിൽ ഒരാൾ എങ്ങനെ ഒരു പേപ്പർ എഴുതും?",def,DESC
ടിറാന ഏത് രാജ്യത്തിന്റെ തലസ്ഥാനമാണ്?,country,LOC
എന്താണ് ടൈറ്റാനിയം?,def,DESC
ഹെർബും ടൂറ്റ്‌സിയും ആരുടെ അടുത്താണ് താമസിക്കുന്നത്?,ind,HUM
ലോസ് ഏഞ്ചൽസുമായി ഒരു സഹോദരി നഗരമെന്ന നിലയിൽ ഏറ്റവും പഴയ ബന്ധമുള്ള നഗരം ഏതാണ്?,city,LOC
എന്താണ് കാൽഡെറ?,def,DESC
എന്തുകൊണ്ടാണ് ആളുകൾക്ക് കോളസ് ഉണ്ടാകുന്നത്?,reason,DESC
റെയിംസിലെ വിനോദസഞ്ചാര കേന്ദ്രങ്ങളുടെ പേരുകൾ എന്തൊക്കെയാണ്?,other,LOC
കുഷ്മാനും വേക്ക്ഫീൽഡും എന്തിന് പേരുകേട്ടതാണ്?,reason,DESC
ഏത് ജലാശയത്തിലേക്കാണ് ഡാന്യൂബ് നദി ഒഴുകുന്നത്?,other,LOC
സയൻറോളജിയുടെ സ്ഥാപകൻ ആരാണ്?,ind,HUM
ആറടിയുള്ള മസ്‌ക ഡൊമസ്റ്റിക്‌സ് ഒരു വീട്ടിൽ പ്രവേശിച്ചാൽ അത് എന്താകും?,other,ENTY
സ്കേറ്റ്ബോർഡിംഗിന്റെ ചരിത്രം എന്താണ്?,desc,DESC
"സിംഗിംഗ് ഇൻ ദ റെയിൻ, ദി സിംഗിംഗ് നൺ എന്നിവയിൽ അഭിനയിച്ചത് ആരാണ്?",ind,HUM
റീസൈക്കിൾ ചെയ്ത പത്രത്തിൽ നിന്ന് ഇന്ധന ഇഷ്ടികകൾ എങ്ങനെ നിർമ്മിക്കാം?,manner,DESC
19-ാം നൂറ്റാണ്ടിലെ ഏത് ചിത്രകാരനാണ് മാർക്വേസസ് ദ്വീപുകളിൽ മരിച്ചത്?,ind,HUM
ശരീരത്തിന്റെ ഏത് ഭാഗത്താണ്?,body The corpus callosum is,ENTY
ആസ്ഥാനമായ യു.എസ്. യൂറോപ്യൻ കമാൻഡിലെ ഹോം പേജിലേക്ക് ഞാൻ എങ്ങനെയാണ് ലോഗിൻ ചെയ്യുക?,manner,DESC
"NNP NNP NNP-യിൽ 1, CD NNS നാസികൾ ഏത് രാജ്യമാണ് കൈവശപ്പെടുത്തിയത്?",country,LOC
നെബ്രാസ്കയിലെ ഏറ്റവും മൂല്യവത്തായ വിഭവം ഏതാണ്?,other,ENTY
ഗ്രേറ്റ് വൈറ്റ് സ്രാവിന്റെ എത്ര ഇനം ഉണ്ട്?,count,NUM
തല പേനിന്റെ ഉത്ഭവം എന്താണ്?,desc,DESC
മിസിസിപ്പി സംസ്ഥാനത്തിന്റെ വിളിപ്പേര് എന്താണ്?,state,LOC
ആദ്യമായി വളർത്തു പക്ഷി ഏതാണ്?,animal,ENTY
ചെറുകുടലിൽ എത്ര വില്ലികൾ കാണപ്പെടുന്നു?,count,NUM
വെൻസെസ്ലാസ് രാജാവ് ഭരിച്ച രാജ്യം?,country,LOC
നിഴലുകളുടെ ഭയം എന്താണ്?,dismed,ENTY
അഞ്ച് മാർക്സ് സഹോദരന്മാർ ആരായിരുന്നു?,ind,HUM
ANZUS സഖ്യത്തിൽ നിന്ന് ന്യൂസിലാൻഡിനെ ഒഴിവാക്കിയത് ഏത് വർഷമാണ്?,date,NUM
എപ്പോഴാണ് CNN പ്രക്ഷേപണം ആരംഭിച്ചത്?,date,NUM
തണുത്ത താപനിലയിൽ ശരീരം വിറയ്ക്കുന്നത് എന്താണ്?,reason,DESC
"കരടി, കാള വിപണികൾ എന്താണ്?",def,DESC
എന്ത് ജെ.ആർ.ആർ. ടോൾകീൻ പുസ്തകം ബിൽബോ ബാഗിൻസിനെ കേന്ദ്ര കഥാപാത്രമായി അവതരിപ്പിക്കുന്നു?,cremat,ENTY
എന്താണ് `` dew point'?,def,DESC
യേശുവിന്റെ അർത്ഥമെന്താണ്?,def,DESC
ഏത് കമ്പനിയുടെ ലോഗോയാണ് ഒരു സർക്കിളിൽ `` W'?,gr,HUM
ഒരു കാസ്കേഡിന്റെ നിർവചനം എന്താണ്?,def,DESC
എപ്പോഴാണ് റോക്കോകോ പെയിന്റിംഗും വാസ്തുവിദ്യയും വളർന്നത്?,date,NUM
ഏത് രാജ്യത്തിന്റെ ദേശീയ പാസഞ്ചർ റെയിൽ സംവിധാനത്തെ വയാ എന്ന് വിളിക്കുന്നു?,country,LOC
ആരാണ് മേക്കപ്പ് കണ്ടുപിടിച്ചത്?,ind,HUM
`` തട്ടിൽ' എന്ന വാക്കിന്റെ ഉത്ഭവം എന്താണ്?,desc,DESC
ദെലീല സാംസന്റെ മുടിയിൽ എന്തു ചെയ്തു?,desc,DESC
പാലിയോസോയിക് കാലഘട്ടത്തിൽ ഏതുതരം മൃഗങ്ങളായിരുന്നു?,animal,ENTY
ഇനിപ്പറയുന്നവയിൽ ആരായിരുന്നു റോഡ്‌സ് സ്കോളർ?,ind,HUM
ചാമ്പ്യൻസ് എന്നറിയപ്പെടുന്ന ഇപ്പോൾ പ്രവർത്തനരഹിതമായ കോമിക് ബുക്ക് ടീം ഉൾപ്പെട്ടത് ആരാണ്?,ind,HUM
നിങ്ങൾ എങ്ങനെ ഒരു പെയിന്റ്ബോൾ ഉണ്ടാക്കും?,manner,DESC
ഫോർട്ട് നോക്സ് ഏത് യുഎസിലാണ്?,state,LOC
പെൺ മുയലിനെ എന്താണ് വിളിക്കുന്നത്?,animal,ENTY
ജപ്പാനിലെ ഏറ്റവും ഉയർന്ന സ്ഥലം എവിടെയാണ്?,mount,LOC
ചിഹുവാഹുവകൾ എവിടെ നിന്ന് വരുന്നു?,desc,DESC
`` ഫ്ലിന്റ്‌സ്റ്റോൺസ്' കാർട്ടൂൺ പരമ്പരയിൽ ഫ്രെഡിനെ ഇറക്കിവിട്ട ശേഷം ബാർണി റൂബിൾ എവിടെയാണ് ജോലിക്ക് പോകുന്നത്?,other,LOC
ലോകത്തിലെ നാല് സമുദ്രങ്ങൾ ഏതൊക്കെയാണ്?,other,LOC
മൈക്കലാഞ്ചലോയുടെ കൈയൊപ്പുള്ള ഒരേയൊരു കൃതി ഏതാണ്?,cremat,ENTY
ലോകത്തിലെ ഏറ്റവും വലിയ പാമ്പ് ഏതാണ്?,animal,ENTY
ഏത് മാധ്യമത്തിലാണ് സ്റ്റുവർട്ട് ഹാംബ്ലെൻ ആദ്യമായി പാടുന്ന കൗബോയ് ആയി കണക്കാക്കപ്പെടുന്നത്?,cremat,ENTY
ഇന്റർനാഷണൽ ലിറിക്സ് സെർവറിന് സമാനമായ ഒരു ഗാന ലിറിക്സ് ഡാറ്റാബേസ് എനിക്ക് ഇന്റർനെറ്റിൽ എവിടെ കണ്ടെത്താനാകും?,other,LOC
ബാക്ക് ഇൻജുറി വ്യവഹാരത്തിന് എത്ര പണം ലഭിക്കും?,money,NUM
അസറ്റൈൽസാലിസിലിക് ആസിഡിന്റെ പൊതുവായ പേര് എന്താണ്?,termeq,ENTY
ജോർജ്ജ്ടൗൺ ``ഹോയ' എന്താണ് അർത്ഥമാക്കുന്നത്?,def,DESC
"5, 6 ക്ലാസുകളിലെ കുട്ടികൾ വായിക്കേണ്ട `` ക്ലാസിക്' പുസ്തകങ്ങളുടെ ഒരു ലിസ്റ്റ് എനിക്ക് എവിടെ കണ്ടെത്താനാകും?",other,LOC
ഏത് രണ്ട് ഉൽപ്പന്നങ്ങളാണ് കടുവയെ അവയുടെ പ്രതീകമായി ഉപയോഗിക്കുന്നത്?,product,ENTY
എങ്ങനെയാണ് ഒരു പുതിയ മാർപ്പാപ്പയുടെ തിരഞ്ഞെടുപ്പ് ലോകത്തെ അറിയിക്കുന്നത്?,manner,DESC
ശരീരത്തിലൂടെ ഒരു പൂർണ്ണമായ യാത്ര നടത്താൻ നിങ്ങളുടെ രക്തത്തിന് എത്ര സമയമെടുക്കും?,period,NUM
കോഴികൾക്ക് എങ്ങനെയാണ് കുഞ്ഞുങ്ങൾ ഉണ്ടാകുന്നത്?,manner,DESC
കത്തോലിക്കാ സഭയും ബിങ്കോയും തമ്മിലുള്ള ചരിത്രപരമായ ബന്ധം എന്താണ്?,desc,DESC
കാൽസ്യം മൂലകത്തിന് എങ്ങനെയാണ് പേര് ലഭിച്ചത്?,manner,DESC
പിസ്റ്റൾ പാക്കിൻ മാമയ്ക്ക് വേണ്ടി ആൻഡ്രൂസ് സിസ്റ്റേഴ്സിൽ ചേർന്നത് ആരാണ്?,ind,HUM
ഏത് പിയാനോ കമ്പനിയാണ് തങ്ങളുടെ ഉൽപ്പന്നം ``ഇൻസ്ട്രുമെന്റ് ഓഫ് ദി ഇമോർട്ടൽസ്' എന്ന് അവകാശപ്പെടുന്നത്?,gr,HUM
എപ്പോഴാണ് ബൗണ്ടി കലാപം നടന്നത്?,date,NUM
ബ്ലേഡ് റണ്ണർ എന്ന സിനിമയ്ക്ക് പ്രചോദനമായ നോവൽ?,cremat,ENTY
എന്താണ് ട്രാൻസിസ്റ്റർ?,def,DESC
ജൂഡ് ലോ അഭിനയിച്ച സിനിമ ഏതാണ്?,cremat,ENTY
1932-ൽ ജീൻ ഹാർലോയുടെ കൈകളിൽ ഏത് ഹോളിവുഡ് നായയാണ് മരിച്ചത്?,animal,ENTY
ഭൂമിയുടെ പുറംതോടിലെ ഏറ്റവും സാധാരണമായ മൂലകങ്ങൾ ഏതാണ്?,substance,ENTY
"വശങ്ങളുള്ള, 2 അടി സ്ക്വയർ പാർട്ടി ടെന്റ് വാങ്ങാൻ എത്ര ചിലവാകും?",money,NUM
ഏറ്റവും കൂടുതൽ ഓസ്കാർ നോമിനേഷനുകൾ ലഭിച്ച നടി?,ind,HUM
എന്താണ് ഇക്വിറ്റി സെക്യൂരിറ്റികൾ?,def,DESC
എന്താണ് ജിംനോഫോബിയ?,def,DESC
ഫോസിലുകൾ രൂപപ്പെടാൻ എത്ര വർഷമെടുക്കും?,count,NUM
ഒറിനോകോ എവിടെയാണ്?,other,LOC
ലിറ്റിൽ റാസ്കൽസ് നായയുടെ പേരെന്തായിരുന്നു?,animal,ENTY
ഡെലവെയർ നദിയുടെ തീരത്ത് പെൻസ് ലാൻഡിംഗ് അഭിമാനിക്കുന്ന നഗരം ഏതാണ്?,city,LOC
സെർവാന്റസിന്റെ ഡോൺ ക്വിക്സോട്ടിൽ നിന്ന് പ്രചോദനം ഉൾക്കൊണ്ട ബ്രോഡ്‌വേ സംഗീതം ഏതാണ്?,cremat,ENTY
ജെജെ എന്ന വാക്കിന്റെ ഉത്ഭവം എന്താണ്,desc,DESC
എന്റബെ റെയ്ഡിൽ എത്ര ബന്ദികൾ കൊല്ലപ്പെട്ടു?,count,NUM
നിങ്ങളുടെ ഐക്യു എങ്ങനെ ഉയർത്താം?,manner,DESC
ജീസസ് കുരിശിൽ ഉപയോഗിക്കുമ്പോൾ InRI എന്താണ് സൂചിപ്പിക്കുന്നത്?,exp,ABBR
ആരാണ് സ്പുമന്റെ ഉത്പാദിപ്പിക്കുന്നത്?,gr,HUM
ആരാണ് അവരുടെ പണം കഷ്ടപ്പെട്ട് സമ്പാദിക്കുന്നത്?,ind,HUM
പീപ്പിൾസ് ടെമ്പിൾ കമ്യൂൺ സ്ഥാപിച്ചത് ആരാണ്?,ind,HUM
ഏത് കായികതാരമാണ് സ്പോർട്സ് ചരക്ക് വിൽപ്പനയിൽ നിന്ന് ഏറ്റവും കൂടുതൽ പണം സമ്പാദിക്കുന്നത്?,ind,HUM
ഒരു സാധാരണ പേപ്പർ ക്ലിപ്പിൽ എത്ര വളവുകൾ ഉണ്ട്?,count,NUM
ആരാണ് വൈദ്യുതി കണ്ടുപിടിച്ചത്?,ind,HUM
നിങ്ങളുടെ ശരീരത്തിന്റെ ഏത് ഭാഗത്താണ് കോർപ്പസ് കാലോസം അടങ്ങിയിരിക്കുന്നത്?,body,ENTY
ബഹിരാകാശത്തെത്തിയ ആദ്യത്തെ അമേരിക്കക്കാരൻ ആരാണ്?,ind,HUM
ബ്രസീലുമായി അതിർത്തി പങ്കിടാത്ത രണ്ട് തെക്കേ അമേരിക്കൻ രാജ്യങ്ങൾ ഏതാണ്?,country,LOC
1967-ൽ ടൈമിന്റെ കവറിൽ ബീറ്റിൽസ് ഇടം നേടിയ ആൽബം ഏതാണ്?,cremat,ENTY
"ഏത് കവിതയിലാണ്, ``എന്നോടൊപ്പം വാർദ്ധക്യം പ്രാപിക്കുക, ഏറ്റവും മികച്ചത് ഇനിയും ആകണം'",cremat,ENTY
ഡെന്റൽ റൂട്ട് കനാൽ എന്താണ്?,def,DESC
ഏത് യുദ്ധത്തിന് ശേഷമാണ് വാനാ-ഗോ-ഹോം കലാപം നടന്നത്?,event,ENTY
ഏറ്റവും തിരക്കേറിയ വിമാനയാത്രാ സീസൺ ഏതാണ്?,date,NUM
കണ്ണിന്റെ നിറമുള്ള ഭാഗത്തെ എന്താണ് വിളിക്കുന്നത്?,body,ENTY
ഹുക്ക് വേമുകൾ എന്തൊക്കെയാണ്?,def,DESC
റോസ് ബൗൾ എവിടെയാണ് കളിക്കുന്നത്?,other,LOC
ഏത് ജാപ്പനീസ് കാർ നിർമ്മാതാവാണ് ആഭ്യന്തര വിപണിയിൽ ഏറ്റവും കൂടുതൽ വിൽപ്പന ശതമാനം നേടിയത്?,gr,HUM
മാർബെല്ലയുടെ മേയർ ആരാണ്?,ind,HUM
മൊജാവേ മരുഭൂമിയുടെ വടക്ക് ഭാഗത്ത് 14 മൈൽ വീതിയുള്ള ഏത് താഴ്‌വരയാണ് സൂര്യപ്രകാശം ഏൽക്കുന്നത്?,other,LOC
ഏത് വർഷമാണ് താച്ചർ പ്രധാനമന്ത്രിയായത്?,date,NUM
ചന്ദ്രൻ ഭൂമിയെ ചുറ്റാൻ എത്ര മാസമെടുക്കും?,count,NUM
49 പടികൾ എവിടെയാണ്?,other,LOC
ഡി ഗല്ലെ ഫ്രാൻസിന്റെ പ്രസിഡന്റായി തിരഞ്ഞെടുക്കപ്പെട്ട വർഷം?,date,NUM
``ഡോസൺസ് ക്രീക്കിനും` `` ഫെലിസിറ്റിക്കും' തീമുകൾ പാടിയതാരാണ്?,ind,HUM
ആരാണ് 'ജാസ്' സംവിധാനം ചെയ്തത്?,ind,HUM
ഏത് ടിവി ഷോ ടോം ടെറിഫിക്കിനെ കണ്ടെത്താനാകും?,cremat On,ENTY
ഏത് ഇന്ത്യൻ ഗോത്രവുമായാണ് എഫ് ട്രൂപ്പ് നിരന്തരം യുദ്ധം ചെയ്യുന്നത്?,gr,HUM
ഇന്ത്യൻ പുഡ്ഡിംഗ് എവിടെ നിന്ന് വന്നു?,desc,DESC
എന്തുകൊണ്ടാണ് ചില വസ്ത്ര ലേബലുകൾ `` ഒരു നോൺക്ലോറിൻ ബ്ലീച്ച് ഉപയോഗിക്കുക' എന്ന് പറയുന്നത്?,reason,DESC
അമേരിക്കൻ വിപ്ലവത്തിൽ എത്ര കോളനികൾ ഉൾപ്പെട്ടിരുന്നു?,count,NUM
മൗറിസിയോ പെല്ലെഗ്രിൻ താമസിക്കുന്ന നഗരത്തിന്റെ പേരെന്താണ്?,city,LOC
വളരെ ലളിതമായ ഒരു ട്രീഹൗസ് എങ്ങനെ നിർമ്മിക്കാം എന്നതിനെക്കുറിച്ചുള്ള ചിത്രപരമായ ദിശകൾ എനിക്ക് എവിടെ കണ്ടെത്താനാകും?,other,LOC
"ഇർകുത്സ്ക്, യാകുത്സ്ക്, കംചത്ക എന്നീ പ്രദേശങ്ങൾ കാണിക്കുന്ന ഗെയിമിന്റെ ബോർഡ് ഏതാണ്?",sport,ENTY
ആപ്രിക്കോട്ട് കമ്പ്യൂട്ടറിന്റെ മാനേജിംഗ് ഡയറക്ടറുടെ പേരെന്താണ്?,ind,HUM
നിക്കോളാസ് കേജിന്റെ തൊഴിൽ എന്താണ്?,title,HUM
എന്തുകൊണ്ടാണ് കുതിരപ്പട ഭാഗ്യം കൊണ്ടുവരുന്നത്?,reason,DESC
"എന്താണ് 401 , K , പ്ലാൻ?",def,DESC
എന്താണ് ന്യുമോണിയയ്ക്ക് കാരണമാകുന്നത്?,reason,DESC
തെക്കൻ അർദ്ധഗോളത്തിലെ മൂന്ന് ശൈത്യകാല മാസങ്ങൾ ഏതൊക്കെയാണ്?,date,NUM
ഗ്രിംഗോ എന്താണ് ഉദ്ദേശിക്കുന്നത്,def,DESC
ആഫ്രിക്കയുടെ ഏറ്റവും വടക്കേ അറ്റത്തുള്ള രാജ്യം ഏത്?,country,LOC
ഏത് ചികിത്സയാണ് ``പ്രാഥമിക നിലവിളി' പുറത്തെടുക്കാൻ ശ്രമിക്കുന്നത്?,dismed,ENTY
കലഹാരി മരുഭൂമി എവിടെയാണ്?,other,LOC
ചരിത്രത്തിലെ ഏറ്റവും വലിയ കൊക്കെയ്ൻ കയറ്റുമതി പിടിച്ചെടുത്ത വെഞ്ചുറ കൗണ്ടി പോലീസ് ഡിപ്പാർട്ട്മെന്റ് ഏതാണ്?,gr,HUM
ഏത് നഗരമാണ് ചിലപ്പോൾ ഗോതം എന്ന് വിളിക്കുന്നത്?,city,LOC
അണ്ണാക്കിൽ നിന്ന് നാവിൽ എന്താണ് തൂങ്ങിക്കിടക്കുന്നത്?,body,ENTY
ആരാണ് ഡെന്നിസ് ദ മെനസ് സൃഷ്ടിച്ചത്?,ind,HUM
നോർത്ത് വെസ്‌റ്റേൺ യൂണിവേഴ്‌സിറ്റിയിൽ നിന്ന് ഏത് ഡമ്മിക്ക് ഓണററി ബിരുദം ലഭിച്ചു?,ind,HUM
എപ്പോഴാണ് ആദ്യത്തെ വാൾസ്ട്രീറ്റ് ജേർണൽ പ്രസിദ്ധീകരിച്ചത്?,date,NUM
ഏറ്റവും കൂടുതൽ വനമേഖലയുള്ള രാജ്യങ്ങൾ ഏതാണ്?,country,LOC
ഞാൻ എങ്ങനെ ഒരു വെബ് അധിഷ്ഠിത ബിസിനസ്സ് ആരംഭിക്കും?,manner,DESC
"ആൽവിന്റെ സഹോദരന്മാരുടെ പേര്"",",ind,HUM
എന്താണ് ഈഗിൾസ് സിൻഡ്രോം സ്റ്റൈലോയിഡ് പ്രക്രിയ?,def,DESC
ജെയ്ൻ മാൻസ്ഫീൽഡ് എങ്ങനെയാണ് മരിച്ചത്?,manner,DESC
ആൻഡ്രൂ രാജകുമാരന്റെയും ഫെർഗിയുടെയും രാജകീയ വിവാഹം എപ്പോഴാണ് നടന്നത്?,date,NUM
എ ഡേ അറ്റ് ദ റേസിൽ എന്ത് നടൻ പറഞ്ഞു: ``ഒന്നുകിൽ അവൻ മരിച്ചു അല്ലെങ്കിൽ എന്റെ വാച്ച് നിലച്ചുപോയോ?,ind,HUM
ഐബീരിയയുടെ പൈലറ്റ് എന്ന് വിളിപ്പേരുള്ള പര്യവേക്ഷകൻ?,ind,HUM
ഏത് വർഷത്തിൽ?,date CNN began broadcasting,NUM
ഫൗൾ പോളിൽ തട്ടിയ പന്തിനെ എന്താണ് വിളിക്കുന്നത്?,termeq,ENTY
ഹാംബർഗറുകൾ സ്റ്റീക്ക് ബർഗറുകൾ പോലെ രുചികരമാക്കുന്നത് എന്താണ്?,reason,DESC
ഇന്റർനെറ്റ് ബ്രൗസർ മൊസൈക്ക് സൃഷ്ടിച്ച കമ്പനി?,gr,HUM
യഹൂദമതത്തിൽ നവജാത ശിശുവിന്റെ പരിച്ഛേദനത്തോടൊപ്പമുള്ള ആചാരങ്ങളെ എന്താണ് വിളിക്കുന്നത്?,event,ENTY
1960-കളിലെ വിദ്യാഭ്യാസ സമ്പ്രദായം എന്തായിരുന്നു?,other,ENTY
ലോകത്തിലെ ഏറ്റവും ഉയർന്ന വാണിജ്യ ലാൻഡിംഗ് ഫീൽഡ് ഉള്ള തെക്കേ അമേരിക്കൻ നഗരം ഏതാണ്?,city,LOC
കേബിൾ മോഡം ആക്സസ് ഉള്ള നഗരങ്ങൾ ഏതൊക്കെയാണെന്ന് എനിക്ക് എങ്ങനെ കണ്ടെത്താനാകും?,manner,DESC
ബെറ്റ്സി റോസ് എന്തിന് പ്രശസ്തനാണ്?,reason,DESC
എത്ര ഇനം സ്രാവുകൾ ഉണ്ട്?,count,NUM
എന്താണ് `` സ്നൂഗൻസ്'?,def,DESC
ലോകത്ത് എത്ര പേരുണ്ട്?,count,NUM
മാനിൽ നിന്ന് സുരക്ഷിതമായ എന്ത് കുറ്റിച്ചെടികൾ നടാം?,plant,ENTY
1972-ൽ വാട്ടർഗേറ്റിൽ ഏത് സംഘടനയുടെ ഓഫീസുകളാണ് തകർത്തത്?,gr,HUM
ടൈറ്റാനിക് കപ്പലിന്റെ രൂപകൽപ്പന എന്താണ്?,desc,DESC
എന്താണ് എസ്.ഒ.എസ്. നില കൊള്ളുക?,exp,ABBR
ജനന വൈകല്യങ്ങൾ കണ്ടെത്തുന്നതിന് വ്യാപകമായി ഉപയോഗിക്കുന്ന ഒരു സാങ്കേതിക വിദ്യയെ പറയുക?,techmeth,ENTY
പ്രതീക്ഷിക്കുന്ന അമ്മയ്ക്ക് ഫോളിക് ആസിഡിന്റെ ദൈനംദിന ആവശ്യകത എന്താണ്?,desc,DESC
`` 7 മിനിറ്റ് സിഗരറ്റ് എന്താണ്?,def,DESC
ഏത് നാല് രൂപങ്ങളിലാണ് സ്വർണ്ണം ഉണ്ടാകുന്നത്?,other,ENTY
ചാപ്പലെറ്റ് മുന്തിരിത്തോട്ടത്തിന്റെ വിസ്തീർണ്ണം എത്ര?,volsize,NUM
ക്വിഗോങ് എന്ന വാക്ക് നിങ്ങൾ എങ്ങനെ ശരിയായി പറയും?,manner,DESC
എപ്പോഴാണ് ബീഥോവൻ മരിച്ചത്?,date,NUM
ഒരു പുതിയ റെയിൽവേ കൽക്കരി കാറിന്റെ വില എത്രയാണ്?,money,NUM
ബ്രിട്ടീഷുകാർക്കെതിരെ അമേരിക്കൻ സ്വാതന്ത്ര്യ സമരത്തിൽ പ്രവേശിച്ച രണ്ട് യൂറോപ്യൻ രാജ്യങ്ങൾ ഏതാണ്?,country,LOC
സിനിമാപ്രവർത്തകരുടെ സഹകരണം എന്താണ്?,def,DESC
സി ഷാർപ്പ് മൈനറിലെ ഏത് റഷ്യൻ സംഗീതസംവിധായകന്റെ ആമുഖമാണ് അദ്ദേഹത്തിന് പ്രശസ്തിയും ഭാഗ്യവും കൊണ്ടുവന്നത്?,ind,HUM
ഹാരി ഹൗഡിനിയുടെ മരണത്തിന് കാരണമായത് എന്താണ്?,reason,DESC
വിൻഡ്‌സർ പ്രഭുവായ രാജാവാകാത്ത മനുഷ്യന്റെ അമ്മ ആരായിരുന്നു?,ind,HUM
ഒരു സാധാരണ എൽപി മൂന്ന് മിനിറ്റിനുള്ളിൽ എത്ര വിപ്ലവങ്ങൾ ഉണ്ടാക്കുന്നു?,count,NUM
ലോകത്തിലെ ഏറ്റവും ഉയരം കൂടിയ പർവതത്തിന്റെ പേരെന്താണ്?,mount,LOC
ഒരു ഫിലിം ജേണലിൽ എൽം സ്ട്രീറ്റിലെ നൈറ്റ്മേറിന്റെ അവലോകനം എനിക്ക് എവിടെ കണ്ടെത്താനാകും?,other,LOC
ഏറ്റവും വേഗത കുറഞ്ഞ ഒളിമ്പിക് നീന്തൽ സ്ട്രോക്ക് ഏതാണ്?,techmeth,ENTY
ബഹിരാകാശ നടത്തം നടത്തിയ ആദ്യത്തെ റഷ്യൻ ബഹിരാകാശ സഞ്ചാരിയുടെ പേരെന്താണ്?,ind,HUM
അനോഫിലിസ് കൊതുകുകൾ പരത്തുന്ന രോഗം?,dismed,ENTY
ഒരു ബ്രാൻഡ് ബാറാണ് ഇത്ര `` മിക്സബിൾ' എന്താണ് റം?,food,ENTY
എത്ര തെക്കേ അമേരിക്കൻ രാജ്യങ്ങളുടെ പേരുകളിൽ Z എന്ന അക്ഷരം ഉണ്ട്?,count,NUM
നിർദ്ദേശം 98-ന്റെ ഉള്ളടക്കം എന്താണ്?,def,DESC
ജോർജ്ജ് വാഷിംഗ്ടൺ എവിടെയാണ് ജനിച്ചത്?,other,LOC
"ഡിസംബർ 21 ന് സ്‌കോട്ട്‌ലൻഡിലെ ലോക്കർബിക്ക് മുകളിലൂടെ പാൻ ആം ഫ്ലൈറ്റ് 103 ബോംബെറിഞ്ഞ് നിലത്തുണ്ടായിരുന്ന എത്രപേർ കൊല്ലപ്പെട്ടു, സി.ഡി.",count,NUM
NN DT NNP NNP' എഴുതിയത് ആരാണ്?,ind,HUM
എന്താണ് പാരസെറ്റമോൾ?,def,DESC
ഗ്രീൻ ലാന്റേണിന്റെ മോതിരത്തിന്റെ ശക്തികളും ബലഹീനതകളും എന്തൊക്കെയാണ്?,desc,DESC
"ഏത് കൊതുകിന്റെ കടിയാണ് രക്തം വലിച്ചെടുക്കുന്നത്, DT NN CC DT NN",animal,ENTY
യുണൈറ്റഡ് സ്റ്റേറ്റ്സിലെ ആദ്യത്തെ സ്റ്റീൽ മിൽ എപ്പോഴാണ് നിർമ്മിച്ചത്?,date,NUM
1984 ഒളിമ്പിക്സിൽ ഷോ മോഷ്ടിച്ച ഏത് ചെറിയ അമേരിക്കൻ വനിതാ ജിംനാസ്റ്റാണ്?,ind,HUM
കാറ്റി എന്ന പേരിന്റെ ഉത്ഭവം എന്താണ്?,desc,DESC
"വാഷിംഗ്ടണിൽ ഏതൊക്കെ സ്കൂളുകൾ, DC NN NN VBP NN NN NN NN",gr,HUM
എപ്പോഴാണ് ബെർലിൻ മതിൽ ഉയർന്നത്?,date,NUM
ആരാണ് ടെറൻസ് മാലിക്?,desc,HUM
ഏത് ഉപകരണമാണ് റേ ചാൾസ് കളിക്കാൻ അറിയപ്പെടുന്നത്?,instru,ENTY
"ലാറ്റിൻ യുദ്ധവിളിയുടെ അർത്ഥമെന്താണ്: അഡ് ആർമ, ആഡ് ആർമ",def,DESC
നോട്രെ ഡാം സർവകലാശാലയുടെ ചിഹ്നം എന്താണ്?,other,ENTY
1980 നവംബറിൽ 84 പേരുടെ മരണത്തോടെ ലാസ് വെഗാസിലെ ഏത് ഹോട്ടൽ കത്തിച്ചു?,other,LOC
എപ്പോഴാണ് മൗണ്ട് സെന്റ് ഹെലൻ അവസാനമായി ഒരു പ്രധാന സ്ഫോടനം ഉണ്ടായത്?,date,NUM
എന്ത്?,exp CNN is the abbreviation for,ABBR
ഒന്നാം ലോകമഹായുദ്ധം ആരംഭിച്ചത് എപ്പോഴാണ്?,date,NUM
ഒരു ആഴത്തിൽ എത്ര അടി ഉണ്ട്?,count,NUM
കാനഡ രണ്ട് പെന്നി കറുപ്പ് എന്താണ്?,def,DESC
നിക്കോയിസ് ഏത് യൂറോപ്യൻ നഗരത്തിലാണ് താമസിക്കുന്നത്?,city,LOC
ഏത് വർഷമാണ് ബീനി ബേബി അവതരിപ്പിച്ചതെന്ന് എനിക്ക് എങ്ങനെ കണ്ടെത്താനാകും?,manner,DESC
ദുരന്ത നായകന്റെ ക്ലാസിക് നിർവചനം എന്താണ്?,def,DESC
മൈക്രോസോഫ്റ്റിന്റെ വിൻഡോസ് 3 അതിന്റെ വിജയത്തിന് എന്താണ് കടപ്പെട്ടിരിക്കുന്നത്?,other To,ENTY
1994-ൽ അഫ്ഗാനിസ്ഥാന്റെ പ്രസിഡന്റ് ആരായിരുന്നു?,ind,HUM
"ഗർഭധാരണം, ഭാരക്കുറവ്, ഭാരോദ്വഹനം എന്നിവയ്‌ക്ക് പുറമെ സ്‌ട്രെച്ച് മാർക്കുകൾ ലഭിക്കുന്നതിനുള്ള മറ്റ് മാർഗങ്ങൾ എന്തൊക്കെയാണ്?",techmeth,ENTY
ബ്രോന്റോസോറസ് എന്താണ് കഴിച്ചത്?,food,ENTY
നല്ല റൈൻ വൈനുകൾ ഏത് നിറത്തിലുള്ള കുപ്പികളാണ് വരുന്നത്?,color,ENTY
'സ്ലീപ്‌ലെസ് ഇൻ സിയാറ്റിൽ' എന്ന ചിത്രത്തിലെ നായിക ആരായിരുന്നു?,ind,HUM
അമേരിക്കയുടെ 16-ാമത് പ്രസിഡന്റ് ആരായിരുന്നു?,ind,HUM
ഓസിയുടെയും ഹാരിയറ്റ് നെൽസണിന്റെയും രണ്ട് ആൺമക്കൾ ആരാണ്?,ind,HUM
എന്താണ് മോളിബ്ഡിനം?,def,DESC
എപ്പോഴാണ് ബോക്സിംഗ് ഡേ?,date,NUM
അമേരിക്കൻ ജുഡീഷ്യറിയുടെ ഏറ്റവും താഴ്ന്ന നില എന്താണ്?,other,ENTY
എപ്പോഴാണ് സോം യുദ്ധം നടന്നത്?,date,NUM
റാണ്ടി ക്രാഫ്റ്റ് എത്ര പേരെ കൊന്നു?,count,NUM
കാനഡയുടെ ഔദ്യോഗിക മൃഗം ഏതാണ്?,animal,ENTY
എപ്പോഴാണ് സ്പിൽബർഗ് ``ജാസ്' സംവിധാനം ചെയ്തത്?,date,NUM
ഏറ്റവും വലിയ അക്കിറ്റയുടെ വലിപ്പം എന്താണ്?,volsize,NUM
ഏറ്റവും വലിയ കണ്ണുകളുള്ള മൃഗം ഏതാണ്?,animal,ENTY
കാലിഫോർണിയയുടെ തലസ്ഥാനം എന്താണ്?,city,LOC
കംപ്യൂട്ടർ ഹാക്കർമാരെ കുറിച്ചുള്ള ``ദി കക്കൂസ് എഗ്: ട്രാക്കിംഗ് എ സ്പൈ ത്രൂ ദ മേസ് ഓഫ് കമ്പ്യൂട്ടർ ചാരപ്രവർത്തനം' എന്ന പുസ്തകത്തിന്റെ രചയിതാവ് ആരാണ്?,ind,HUM
പിങ്ക് ഫ്ലോയ്ഡ് ബാൻഡിന്റെ സ്ഥാപക അംഗം ആരായിരുന്നു?,ind,HUM
ബിയർ ഉൽപ്പാദിപ്പിക്കുന്ന നഗരമായ ബഡ്‌വെയ്‌സ് ഏത് യൂറോപ്യൻ രാജ്യമാണ്?,country,LOC
എന്റെ സോഷ്യൽ സെക്യൂരിറ്റി അക്കൗണ്ടിന്റെ ബാലൻസ് എങ്ങനെ കണ്ടെത്താം?,manner,DESC
വാലന്റൈൻസ് ഡേ കാർഡുകളുടെ ചരിത്രം എന്താണ്?,desc,DESC
ക്രിസ്റ്റഫർ കൊളംബസ് എവിടെയാണ് ജനിച്ചത്?,other,LOC
ഇറ്റലിക്കാർ ഫ്ലോറൻസിനെ എന്താണ് വിളിക്കുന്നത്?,termeq,ENTY
എങ്ങനെയാണ് ഈഫൽ ടവറിന്റെ മുകളിൽ എത്തുന്നത്?,manner,DESC
PSI എന്തിനെ സൂചിപ്പിക്കുന്നു?,exp,ABBR
ഏത് കടലാണ് റോമാക്കാർ മാരെ നോസ്ട്രം എന്ന് വിളിച്ചത്?,other,LOC
കാർഡുകൾ ഡീൽ ചെയ്യുന്നതിന് മുമ്പുള്ള ഒരു പന്തയത്തിന്റെ കാലാവധി എന്താണ്?,termeq,ENTY
ഉല്പത്തി 1 : 2 : 22 പ്രകാരം ആദ്യം വന്നത് കോഴിയാണോ മുട്ടയാണോ?,animal,ENTY
ഫ്ലിന്റ്‌സ്റ്റോൺസ് ഏത് നഗരത്തിലാണ് താമസിച്ചിരുന്നത്?,city,LOC
കഴിവില്ലാത്തവർക്കുള്ള ലാറ്റിൻ എന്താണ്?,termeq,ENTY
മാരകമായ കുത്തിവയ്പ്പിൽ എന്ത് രാസവസ്തുക്കൾ ഉപയോഗിക്കുന്നു?,dismed,ENTY
ഏത് കളിപ്പാട്ട കമ്പനിയാണ് സ്ത്രീകളുടെ വസ്ത്രങ്ങളുടെ ലോകത്തെ ഒന്നാം നമ്പർ നിർമ്മാതാവ്?,gr,HUM
ഏത് ബോർഡ് ഗെയിമാണ് `` വുഡ്-പുഷർ' മോശമായി കളിക്കുന്നത്?,sport,ENTY
ഏത് ഡൂൺസ്ബറി കഥാപാത്രമാണ് ചെന്നായയായി മാറാൻ സാധ്യതയുള്ളത്?,ind,HUM
മൈക്രോ എന്നതിന്റെ ചുരുക്കെഴുത്ത് എന്താണ്?,abb,ABBR
ഭരണഘടനയിലെ 7 അനുച്ഛേദങ്ങൾ ഏതൊക്കെയാണ്?,other,ENTY
ഏറ്റവും കൂടുതൽ സൂപ്പർ ബൗളുകൾ നേടിയത് ആരാണ്?,gr,HUM
NASDAQ എന്താണ് സൂചിപ്പിക്കുന്നത്?,exp,ABBR
എന്താണ് BPH?,exp,ABBR
യുഎസിൽ വാങ്ങാൻ കഴിയുന്ന ഏറ്റവും വേഗതയേറിയ വാണിജ്യ ഓട്ടോമൊബൈൽ ഏതാണ്?,other,ENTY
മിയാമി ഡോൾഫിനുകൾ അവരുടെ ഹോം ഗെയിമുകൾ ഏത് സ്റ്റേഡിയത്തിലാണ് കളിക്കുന്നത്?,other,LOC
സൈലന്റ് മൂവിയിൽ സംസാരിക്കുന്ന ഒരേയൊരു വേഷം ആർക്കാണ്?,ind,HUM
എന്തുകൊണ്ടാണ് മലം ചിലപ്പോൾ വ്യത്യസ്ത നിറങ്ങളാകുന്നത്?,reason,DESC
ഐൻസ്റ്റീന്റെ ഐക്യു എന്തായിരുന്നു?,other,NUM
1942-ൽ പേൾ ഹാർബർ ആക്രമിക്കപ്പെട്ട ദിവസം?,date,NUM
ഏത് പെൺകുട്ടിയുടെ പേരാണ് `` ടെഡി' എന്ന വാത്സല്യ രൂപമാണ്?,ind,HUM
ജോൺ എഫ് കെന്നഡിയെ സംസ്‌കരിച്ച സംസ്ഥാനം?,state,LOC
വാൾപേപ്പർ നീക്കംചെയ്യാനുള്ള ഏറ്റവും നല്ല മാർഗം ഏതാണ്?,techmeth,ENTY
ഏത് യു.എസ് സംസ്ഥാനത്താണ് ഇതിന് പേരിട്ടിരിക്കുന്ന ഒരു ഘടകം ഉള്ളത്?,state,LOC
അക്കാദമി അവാർഡുകൾക്കായി വോട്ട് ചെയ്യുന്നതിൽ ബാലറ്റുകൾ പട്ടികപ്പെടുത്തുന്ന കമ്പനി ഏതാണ്?,gr,HUM
മികച്ച മനുഷ്യന്റെ പാരമ്പര്യം എങ്ങനെ ആരംഭിച്ചു?,manner,DESC
എത്ര വർഷം മുൻപാണ് ടൈറ്റാനിക് കപ്പൽ മുങ്ങിയത്?,count,NUM
ആർട്ടിക് സമുദ്രത്തിലെ ഏറ്റവും ആഴമേറിയ പ്രദേശം ഏതാണ്?,other,LOC
ഹാലോവീന്റെ നിറങ്ങൾ എന്തൊക്കെയാണ്?,color,ENTY
സിൽക്ക് സ്ക്രീനിംഗ് എങ്ങനെയാണ് ചെയ്യുന്നത്?,manner,DESC
ടെക്സാസിലെ എൽ പാസോയുടെ അക്ഷാംശവും രേഖാംശവും എന്താണ്?,other,NUM
ഗോഫർ മരം കൊണ്ട് ബോട്ട് ഉണ്ടാക്കിയത് ആരാണ്?,ind,HUM
എനിക്ക് ഒരു `` ഫിഫ്ത്ത് എലമെന്റ്' സ്ക്രീൻസേവർ എവിടെ കണ്ടെത്താനാകും?,other,LOC
ഏത് ബ്ലൂം കൗണ്ടി നിവാസിയാണ് കമ്പ്യൂട്ടർ ഉപയോഗിച്ച് നാശം വിതച്ചത്?,ind,HUM
ഒരു പേര് ഒരു സോഷ്യൽ സെക്യൂരിറ്റി നമ്പറുമായി എങ്ങനെ പൊരുത്തപ്പെടുത്താം?,manner,DESC
ഒരു മഴവില്ല് എങ്ങനെ രൂപപ്പെടുന്നു?,manner,DESC
ആരോഗ്യമുള്ള മുതിർന്നവരുടെ സാധാരണ വിശ്രമ ഹൃദയമിടിപ്പ് എന്താണ്?,other,NUM
ഒഹായോയിലെ ജനസംഖ്യ എത്രയാണ്?,other,NUM
ഒരു ബിഗ് മാക്കിൽ എത്ര കലോറി ഉണ്ട്?,count,NUM
ഹസ്മത്ത് എന്തിനെ സൂചിപ്പിക്കുന്നു?,def Hazmat stands for,DESC
'ജാസ്' എന്ന സിനിമയിൽ ഏത് ജീവിയാണ് ആളുകളെ ഭയപ്പെടുത്തുന്നത്?,animal,ENTY
അമേരിക്കയിലെ പത്രത്തിന്റെ വികസനത്തിൽ ജോൺ പീറ്റർ സെംഗർ എന്ത് പങ്ക് വഹിച്ചു?,ind,HUM
ആരാണ് സീസറിനെ പിന്തുടർന്നത്?,ind,HUM
എന്താണ് നാല് ഘടകങ്ങൾ?,substance,ENTY
ഒരു ദശലക്ഷം സമ്പാദിച്ച ആദ്യ വനിതാ ഗോൾഫ് താരം ആരാണ്?,ind,HUM
ഒരു ചെസ്സ് ബോർഡിലെ ഏറ്റവും ഉയരം കൂടിയ കഷണം ഏതാണ്?,other,ENTY
Answers.com-ന്റെ വിലാസം എന്താണ്?,other,LOC
വീഡിയോ ടേപ്പിൽ എനിക്ക് ഓൺലൈനിൽ സിനിമകൾ എവിടെ നിന്ന് വാങ്ങാനാകും?,other,LOC
ആരാണ് ഫ്രിറ്റോ-ലേയുടെ പരസ്യം ചെയ്യുന്നത്?,ind,HUM
ട്രാൻസ് യൂണിയൻ കമ്പനിയുടെ മുൻനിര എതിരാളി ആരാണ്?,gr,HUM
ഏത് ഉൽപ്പന്നമാണ് റോബർട്ട് കോൺറാഡ് തന്റെ തോളിൽ നിന്ന് തട്ടാൻ ആളുകളെ ധൈര്യപ്പെടുത്തിയത്?,product,ENTY
ആരാണ് റേഡിയോ കണ്ടുപിടിച്ചത്?,ind,HUM
യുകെയിൽ 8 പൗണ്ടിന് തുല്യമായ അമേരിക്കൻ ഡോളറിന് എന്താണ്?,count,NUM
സിസ്റ്റം വിശകലനത്തിന്റെ വ്യത്യസ്ത സമീപനങ്ങൾ എന്തൊക്കെയാണ്?,techmeth,ENTY
എങ്ങനെയാണ് ഡോക്ടർമാർ അസ്ഥി കാൻസർ നിർണ്ണയിക്കുന്നത്?,manner,DESC
മിസ് പിഗ്ഗിക്ക് വേണ്ടി ചരട് വലിച്ച് സംസാരിക്കുന്ന പന്നിയുടെ പിന്നിലെ മനുഷ്യൻ ആരാണ്?,ind,HUM
മിസിസിപ്പി നദിയുടെ വേഗത എത്രയാണ്?,speed,NUM
ഒരു നീന്തലിന്റെ വികസന ഘട്ടങ്ങൾ എന്തൊക്കെയാണ്?,other,ENTY
ജെയിംസ് ബോണ്ടിനെ ആദ്യമായി അവതരിപ്പിച്ച നടൻ?,ind,HUM
ലോകത്തിലെ ഏറ്റവും വലിയ സമുദ്രം ഏതാണ്?,other,LOC
1948-ൽ സാഹിത്യത്തിനുള്ള നോബൽ സമ്മാനം നേടിയ ആദ്യത്തെ അമേരിക്കൻ കവി ആരാണ്?,ind,HUM
ഏത് വർഷമാണ് ജാക്ക് നിക്ലസ് പ്രൊഫഷണൽ ഗോൾഫേഴ്സ് അസോസിയേഷൻ ടൂറിൽ ചേർന്നത്?,date,NUM
ഷേക്സ്പിയർ എത്ര സോണറ്റുകൾ എഴുതിയിട്ടുണ്ട്?,count,NUM
നിങ്ങൾ നാണിക്കുമ്പോൾ നിങ്ങളുടെ കവിളിൽ ചുവപ്പ് നിറമാകുന്നത് എന്താണ്?,reason,DESC
1991-ൽ സമാധാനത്തിനുള്ള നോബൽ സമ്മാനം നേടിയത് ആരാണ്?,ind,HUM
അജ്ഞാതരുടെ വെല്ലുവിളികൾ ആരാണ്?,gr,HUM
ഫീനിക്സ് ക്ലബ്ബിനെ നിർവചിക്കണോ?,def,DESC
ക്രിസ്ത്യൻ കുരിശുയുദ്ധക്കാർ മുസ്ലീങ്ങളിൽ നിന്ന് തിരിച്ചുപിടിക്കാൻ പോരാടിയ നഗരം ഏതാണ്?,city,LOC
രൂപയുടെ മൂല്യം കുറയുന്നു എന്നതിന്റെ അർത്ഥമെന്താണ്?,def,DESC
"ഏത് ഗെയിമിംഗ് ഉപകരണങ്ങളെയാണ് `` മിസിസിപ്പി മാർബിൾസ്', `` മെംഫിസ് ഡൊമിനോസ്' എന്ന് വിളിച്ചത്?",other,ENTY
ക്ലീവ്‌ലാൻഡ് ബ്രൗൺസിന്റെ ആദ്യ പരിശീലകൻ ആരായിരുന്നു?,ind,HUM
അരോമെതെറാപ്പി എത്രത്തോളം വിജയകരമാണ്?,manner,DESC
1973-ലെ മിഡിൽ ഈസ്റ്റ് യുദ്ധം ആരംഭിച്ച ജൂത അവധിക്കാലം ഏതാണ്?,event,ENTY
ഒരു കോപ്പിയർ എങ്ങനെയാണ് പ്രവർത്തിക്കുന്നത്?,manner,DESC
മിസിസിപ്പി നദിയുടെ വേഗത എത്രയാണ്?,speed,NUM
1969-ൽ സൂപ്പർ ബൗൾ III-നെ കുറിച്ച് ആരാണ് പറഞ്ഞത്: `` നന്നായി ജയിക്കൂ- ഞാൻ ഉറപ്പ് തരുന്നു''?,ind,HUM
ഡഡ്‌ലി ഡോ-റൈറ്റിന്റെ കുതിരയുടെ പേരെന്താണ്?,animal,ENTY
"ആരാണ് പ്രഖ്യാപിച്ചത്: ``ഞാൻ വേശ്യാവൃത്തിയിലാണ്, അവരെ കീറിമുറിക്കുന്നത് ഞാൻ അവസാനിപ്പിക്കില്ല''?",ind,HUM
ചോക്കലേറ്റ് എവിടെ നിന്ന് വരുന്നു?,other,LOC
ഏത് ടിവി ഗെയിം ഷോയിലാണ് ഒരിക്കൽ ഒരു മത്സരാർത്ഥി ഷവറിൽ കാൽവിരലുകൾ എടുക്കുന്നത് കണ്ടത്?,cremat,ENTY
ഏത് സോവിയറ്റ് നേതാവാണ് റോൾസ് റോയ്സ് സ്വന്തമാക്കിയത്?,ind,HUM
1991-ലെ വികലാംഗ വിദ്യാഭ്യാസ നിയമവുമായി ബന്ധപ്പെട്ട ഒരു കേസ് എനിക്ക് എവിടെ കണ്ടെത്താനാകും?,other,LOC
ഏത് യുദ്ധത്തിലാണ് ഫ്ലോറൻസ് നൈറ്റിംഗേൽ സൈന്യത്തെ നയിച്ചത്?,event,ENTY
"""സ്റ്റാർഡസ്റ്റ്"" എന്ന ഗാനം എഴുതിയത് ആരാണ്?",ind,HUM
എത്ര ബീറ്റിൽസ് റെക്കോർഡുകൾ #1 ആയി?,count,NUM
22 വർഷം തുടർച്ചയായി സേവിച്ച കാനഡയിലെ ഏക പ്രധാനമന്ത്രി ആരാണ്?,ind,HUM
കമ്പനിയുടെ പേര് `ജനറൽ മോട്ടോഴ്സ്' എന്നതിന്റെ ചുരുക്കെഴുത്ത് എന്താണ്?,abb,ABBR
"അർക്കൻസാസ്, മിസോറി നദികൾക്കിടയിൽ കിടക്കുന്ന പർവതങ്ങൾ ഏതാണ്?",mount,LOC
1989-ൽ വിൽ റോജേഴ്‌സ് അവാർഡ് ആർക്കാണ് ലഭിച്ചത്?,ind,HUM
റാമിന്റെ പ്രവർത്തനം എന്താണ്?,reason,DESC
ഭൂമിയോട് ഏറ്റവും അടുത്തുള്ള G2 സ്പെക്ട്രം മഞ്ഞ കുള്ളൻ ഏതാണ്?,other,LOC
ഒരു ഐസോസിലിസ് ത്രികോണത്തിൽ എത്ര തുല്യ കോണുകൾ ഉണ്ട്?,count,NUM
പാറ്റകളെ ഭയക്കുന്നതിനെ എന്താണ് വിളിക്കുന്നത്?,dismed,ENTY
ജോൺ എഫ്. കെന്നഡിയുടെ കൊലപാതകത്തിന്റെ ബുള്ളറ്റിൻ തടസ്സപ്പെടുത്തിയത് ഏത് സിബിഎസ് സോപ്പ് ഓപ്പറയാണ്?,cremat,ENTY
12 മണിക്കൂർ ക്ലോക്കിന് പകരം 24 മണിക്കൂർ ക്ലോക്കിന്റെ ഉപയോഗം എന്താണ്?,desc,DESC
റാണ്ടി ക്രാഫ്റ്റിനെ പ്രതിനിധീകരിച്ച അഭിഭാഷകന്റെ പേരെന്തായിരുന്നു?,ind,HUM
ഏത് യുണൈറ്റഡ് സ്റ്റേറ്റ്സ് പ്രസിഡന്റാണ് താൻ കൊല്ലപ്പെട്ടതായി സ്വപ്നം കണ്ടത്?,ind,HUM
1965-ലെ മികച്ച നടനുള്ള ഓസ്‌കാർ ലീ മാർവിൻ നേടിയ സിനിമ?,cremat,ENTY
ബാസ്‌ക് രാജ്യം എവിടെയാണ് സ്ഥിതി ചെയ്യുന്നത്?,other,LOC
``മിസ്സിസ് ഓൾസെൻ' ഏത് ഉൽപ്പന്നമാണ് പ്രൊമോട്ട് ചെയ്യുന്നത്?,product,ENTY
ഹിരോഹിതോ ചക്രവർത്തി മരിച്ചത് ഏത് ദിവസത്തിലാണ്?,date,NUM
ഡ്രൈ ഐസ് എന്താണ്?,def,DESC
യൂച്ചറിലെ ഏറ്റവും ശക്തമായ കാർഡ് ഏതാണ്?,other,ENTY
`` ഇൻട്രാക്റ്റബിൾ പ്ലാന്റാർ കെരാറ്റോമ' എന്താണ് അർത്ഥമാക്കുന്നത്?,def,DESC
ജെയിംസ് ജോയ്‌സ് യുലിസസ് എഴുതാൻ എത്ര വർഷമെടുത്തു?,count,NUM
എന്ത് വിളനാശമാണ് ഐറിഷ് ക്ഷാമത്തിന് കാരണമായത്?,food,ENTY
കിംപോ ഇന്റർനാഷണൽ എയർപോർട്ട് ഏത് ദക്ഷിണ കൊറിയൻ നഗരത്തിലാണ് സർവീസ് നടത്തുന്നത്?,city,LOC
"എത്ര തരം നായ്ക്കളുടെ വാലുകൾ ഉണ്ട് - മൂന്ന്"",",count,NUM
ഏറ്റവും ദൈർഘ്യമേറിയ ടെലിവിഷൻ പരമ്പര ഏതാണ്?,cremat,ENTY
അന്റാർട്ടിക്കയിൽ എന്ത് വേട്ടക്കാർ നിലവിലുണ്ട്?,animal,ENTY
ഒരു ജനറേറ്ററും ആൾട്ടർനേറ്ററും തമ്മിലുള്ള വ്യത്യാസം എന്താണ്?,desc,DESC
ഊർജ്ജം എങ്ങനെയാണ് സൃഷ്ടിക്കപ്പെടുന്നത്?,manner,DESC
"""മൂന്ന് വളയങ്ങൾ"" ഉണ്ടെന്ന് ഏത് ബിയറാണ് പരസ്യപ്പെടുത്തിയത്?",food,ENTY
വിയറ്റ്നാം യുദ്ധത്തിൽ നിന്ന് ഇപ്പോഴും കണക്കിൽപ്പെടാത്ത അമേരിക്കൻ സൈനികരുടെ എണ്ണം എത്രയാണ്?,other,NUM
ഡിസംബർ 12-ന് ജോർജ്ജ് ഗ്രാന്റ് ഏത് ഗോൾഫിംഗ് ആക്സസറിക്ക് പേറ്റന്റ് നേടി.,techmeth,ENTY
വിവിധ തരം പ്ലാസ്റ്റിക്കുകൾ എന്തൊക്കെയാണ്?,other,ENTY
qigong എന്ന് പറയുന്നത് എങ്ങനെ ശരിയാണ്?,manner,DESC
എവറസ്റ്റ് കണ്ടെത്തുന്നതിന് മുമ്പ് ഭൂമിയിലെ ഏറ്റവും ഉയരം കൂടിയ പർവ്വതം ഏതാണ്?,mount,LOC
1797-185 ലെ ലിഗൂറിയൻ റിപ്പബ്ലിക് എവിടെയായിരുന്നു?,other,LOC
ഏത് രാജ്യത്തെ ജനങ്ങളാണ് ഏറ്റവും കൂടുതൽ ടെലിവിഷൻ പ്രേക്ഷകർ?,country,LOC
സ്ത്രീകളുടെ വോട്ടവകാശ ഭേദഗതി എപ്പോഴാണ് അംഗീകരിച്ചത്?,date,NUM
ഏത് പോളിനേഷ്യൻ ജനതയാണ് ന്യൂസിലാന്റിൽ താമസിക്കുന്നത്?,gr,HUM
"റോമൻ സാമ്രാജ്യത്തിന്റെ ഏത് സിനിമാ പര്യടനമാണ് ഈ ഉപദേശം അവതരിപ്പിക്കുന്നത്: ``നന്നായി തുഴയൂ, ജീവിക്കൂ'?",cremat,ENTY
ലോകത്തിലെ ഏറ്റവും വലിയ ചെറിയ നഗരം എന്നറിയപ്പെടുന്ന നെവാഡ കേന്ദ്രം ഏതാണ്?,city,LOC
"മിസോറിയിലെ ഇൻഡിപെൻഡൻസ്, 219 നോർത്ത് ഡെലവെയർ സ്ട്രീറ്റിൽ താമസിച്ചിരുന്ന രാഷ്ട്രപതി?",ind,HUM
ഇന്ത്യക്കാർ പലപ്പോഴും സ്കൂളിൽ നിന്ന് കൊഴിഞ്ഞുപോകുന്നു,reason Give a reason for American,DESC
ഒരു ഫുട്ബോൾ ഗോളിയെ പന്ത് കൈകാര്യം ചെയ്യാൻ അനുവദിക്കണമെങ്കിൽ എവിടെ നിൽക്കണം?,other,LOC
ക്ലാസിക്കൽ കണ്ടീഷനിംഗും ഓപ്പറേറ്റിംഗ് കണ്ടീഷനിംഗും തമ്മിലുള്ള വ്യത്യാസം എന്താണ്?,desc,DESC
ഏത് യു.എസ് സംസ്ഥാനത്താണ് ആദ്യ വനിതാ ഗവർണർ തിരഞ്ഞെടുക്കപ്പെട്ടത്?,state,LOC
ഡോഗ്‌സ്ലെഡിംഗിനെക്കുറിച്ചുള്ള ചില രസകരമായ വസ്തുതകളും വിവരങ്ങളും എന്തൊക്കെയാണ്?,desc,DESC
ഏത് വർഷമാണ് ഹിറ്റ്ലർ മരിച്ചത്?,date,NUM
ഏത് പ്രശസ്ത മോഡലാണ് ബില്ലി ജോയലിനെ വിവാഹം കഴിച്ചത്?,ind,HUM
ബാബർ ഏതുതരം മൃഗമാണ്?,animal,ENTY
ജെയ്ൻ ഗുഡാൽ എന്തിനാണ് അറിയപ്പെടുന്നത്?,reason,DESC
എന്താണ് ബോബ് മാർലിയെ കൊന്നത്?,other,ENTY
ഡംബോയുടെ ചെവികൾ എത്ര തുകയ്ക്കാണ് ഇൻഷ്വർ ചെയ്തിരിക്കുന്നത്?,money,NUM
1941-ൽ യു വിൽ നെവർ ഗെറ്റ് റിച്ച് എന്ന സിനിമയിൽ ഫ്രെഡ് അസ്റ്റയറിനൊപ്പം താരപരിവേഷത്തിലേക്ക് നൃത്തം ചെയ്തത് ആരാണ്?,ind,HUM
ആരാണ് സ്റ്റെയിൻ എറിക്സൻ?,desc,HUM
ബില്ലി എന്ന പേരിന്റെ അർത്ഥമെന്താണ്?,def,DESC
ലോകത്തിലെ ഏറ്റവും വേഗതയേറിയ നീന്തൽ താരം ആരാണ്?,ind,HUM
ആഫ്രിക്കയിലെ ഏറ്റവും ഉയരം കൂടിയ കൊടുമുടി ഏതാണ്?,mount,LOC
യു.എസിൽ പ്രോക്ടർ & ഗാംബിൾ ആസ്ഥാനം എവിടെയാണ്?,other,LOC
ഏത് മരുഭൂമിയാണ് അള്ളാഹുവിന്റെ പൂന്തോട്ടം എന്നറിയപ്പെടുന്നത്?,other,LOC
ബൈകോർണേറ്റ് മൃഗങ്ങൾക്ക് രണ്ടെണ്ണം എന്താണ്?,other,ENTY
ഒരു കമ്മ്യൂണിറ്റിയുടെ വാട്ടർ ടവർ എന്ത് പ്രവർത്തനമാണ് നടത്തുന്നത്?,reason,DESC
ബലഹീനതയെക്കുറിച്ചുള്ള ഭയം എന്താണ്?,dismed,ENTY
നോർത്ത് കരോലിനയിൽ നിന്ന് ഒഹായോയിലേക്ക് എത്ര മൈൽ ദൂരമുണ്ട്?,count,NUM
ഒരു ഇഞ്ച് മഴയ്ക്ക് എത്ര മഞ്ഞ് തുല്യമാണ്?,count,NUM
എന്താണ് ജി.എം.ടി. നില കൊള്ളുക?,exp,ABBR
Inuit ഉം Eskimo ഉം എന്താണ് അർത്ഥമാക്കുന്നത്?,def,DESC
ജോണി ക്യാഷ് ഷോയുടെ സമാപന പ്രമേയമായി വർത്തിച്ച ഗാനം ഏതാണ്?,cremat,ENTY
ദന്തഡോക്ടറായ വില്യം ബിയേഴ്‌സ് ഏത് ഫീൽഡ് സ്‌പോർട്‌സിന് വേണ്ടിയാണ് ഒരു സ്റ്റാൻഡേർഡ് റൂൾസ് ബുക്ക് പ്രൊമോട്ട് ചെയ്യുകയും എഴുതുകയും ചെയ്തത്?,sport,ENTY
ഞാൻ എങ്ങനെ ഡൈ വസ്ത്രങ്ങൾ കെട്ടും?,manner,DESC
ഒരു ശരാശരി കൗമാരക്കാരൻ ആദ്യമായി ലൈംഗിക ബന്ധത്തിൽ ഏർപ്പെടുന്നത് എപ്പോഴാണ്?,date,NUM
എന്തുകൊണ്ടാണ് www.answers.com-ൽ എന്റെ ചോദ്യങ്ങൾക്ക് ഉത്തരം ഇല്ലാത്തത്?,reason,DESC
ഏത് നടന്റെ ആത്മകഥയാണ് എന്റെ ഇന്നലെകൾ എന്ന പേരിൽ അറിയപ്പെടുന്നത്?,ind,HUM
എമിൽ ഗോൾഡ്ഫസ് എന്ന പേരിൽ യുഎസിൽ താമസിച്ചിരുന്ന റഷ്യൻ ചാരൻ?,ind,HUM
ഗോൾഫ് കോഴ്‌സിലെ 19-ാമത്തെ ദ്വാരം എവിടെയാണ്?,other,LOC
ചുഴലിക്കാറ്റുകൾക്ക് പ്രകൃതിയുടെ ഉദ്ദേശ്യം എന്താണ്?,reason,DESC
യഥാർത്ഥ ചാർലീസ് ഏഞ്ചൽസ് ആയി അഭിനയിച്ചത് ആരാണ്?,ind,HUM
ഒരു ടെലിഫോൺ നമ്പറിൽ നിന്ന് ഒരു വ്യക്തിയുടെ വിലാസം എനിക്ക് എവിടെ കണ്ടെത്താനാകും?,other,LOC
കവർ ഫയർ എന്നർത്ഥം വരുന്ന പഴയ ഫ്രഞ്ച് covrefeu എന്നതിൽ നിന്ന് വന്ന ഇംഗ്ലീഷ് പദം ഏതാണ്?,word,ENTY
ജെയിംസ് ജോൺസിന്റെ ഫ്രം ഹിയർ ടു എറ്റേണിറ്റിയിൽ പ്രീവിറ്റ് ഏത് സംഗീതോപകരണമാണ് കളിച്ചത്?,instru,ENTY
സാർജ് സ്റ്റീലിന് ലോഹ കൈ എവിടെ നിന്ന് ലഭിച്ചു?,other,LOC
എന്താണ് പോപ്‌കോൺ പോപ്പ് ആക്കുന്നത്?,reason,DESC
ദി നൈറ്റ് ഓഫ് ദി ഇഗ്വാന എഴുതിയത് ആരാണ്?,ind,HUM
നിങ്ങളുടെ മുടി വേഗത്തിൽ വളരുന്നത് എവിടെയാണ്?,body,ENTY
197 മുതൽ 195 വരെ ഏത് രാജ്യത്താണ് ഗുസ്താവ് അഞ്ചാമൻ ഭരിച്ചത്?,country,LOC
അമ്മയെയും കുഞ്ഞിനെയും വരച്ചതാരാണ്?,ind,HUM
മിസിസിപ്പി നദിയുടെ വേഗത എത്രയാണ്?,speed,NUM
ലോകത്തിന്റെ ഏത് മേഖലയിലാണ് ആറ് ദിവസത്തെ യുദ്ധം നടന്നത്?,other,LOC
ഭൂമിയിൽ നിന്ന് ദൃശ്യമാകുന്ന ഏറ്റവും തിളക്കമുള്ള നക്ഷത്രം ഏതാണ്?,other,LOC
റോബർട്ട് റെഡ്ഫോർഡ് ആദ്യമായി സംവിധാനം ചെയ്ത ചിത്രം?,cremat,ENTY
മാവോയുടെ രണ്ടാമത്തെ പേര് എന്തായിരുന്നു?,ind,HUM
ഏത് സിനിമയിലാണ് ജൂഡ് ലോ അഭിനയിച്ചത്?,cremat,ENTY
ഹൈനകൾ എവിടെയാണ് താമസിക്കുന്നത്?,other,LOC
ആരാണ് `` രാജ്ഞി അമ്മ?,desc,HUM
ബെൽജിയത്തിൽ ഏറ്റവും കൂടുതൽ സംസാരിക്കുന്ന ഭാഷ ഏതാണ്?,lang,ENTY
ആർക്കാണ് കൂടുതൽ ഡിഎൻഎ ഉള്ളത് - ഒരു പുരുഷനോ സ്ത്രീയോ?,ind,HUM
എന്താണ് വേലക്കാരി ആചാരങ്ങൾ?,def,DESC
"ഏത് കുട്ടികളുടെ കഥയിലാണ് ഈ വരി അടങ്ങിയിരിക്കുന്നത്: `` സിൻഡർസ്ലട്ട് വരൂ, ഈ കമ്പിളി എനിക്ക് വേണ്ടി പിടിക്കൂ'?",cremat,ENTY
വംശീയത കൈകാര്യം ചെയ്യുന്നതിന് ഏത് തലത്തിലുള്ള സർക്കാർ അല്ലെങ്കിൽ സർക്കാർ ഏജൻസിയാണ് ഉത്തരവാദി?,gr,HUM
ഒരു സോക്കർ ഗെയിമിൽ എത്ര റഫറിമാർ പ്രവർത്തിക്കുന്നു?,count,NUM
വിസ്‌കിയും സ്വീറ്റ് വെർമൗത്തും ഉപയോഗിച്ച് നിങ്ങൾ എന്ത് കോക്ടെയ്‌ലാണ് ഉണ്ടാക്കുന്നത്?,food,ENTY
നിങ്ങൾ എങ്ങനെയാണ് സ്‌പാനിഷിൽ `` ഫ്രഷ്‌' എന്ന് പറയുന്നത്?,termeq,ENTY
ക്രാൻബെറി ബോഗുകളിൽ തേനീച്ചക്കൂടുകൾ എന്താണ് ചെയ്യുന്നത്?,desc,DESC
എന്താണ് ലിൻമൗത്ത് വെള്ളപ്പൊക്കത്തിന് കാരണമായത്?,reason,DESC
മിഷിഗണിൽ തുലിപ് ഫെസ്റ്റിവൽ എപ്പോഴാണ്?,date,NUM
ആരാണ് എൽ നിനോ എന്ന പേര് കൊണ്ടുവന്നത്?,ind,HUM
മാഡിലിൻ കാൻ ജീൻ വൈൽഡറിനൊപ്പം അഭിനയിച്ച സിനിമ ഏതാണ്?,cremat,ENTY
ഗോൾഡൻ ഗേറ്റ് പാലം ഏത് തരത്തിലുള്ള പാലമാണ്?,other,ENTY
ഏത് ഏകാധിപതിക്കാണ് ``എൽ മാക്സിമോ' എന്ന വിളിപ്പേര് ഉള്ളത്?,ind,HUM
ഏത് സ്റ്റീരിയോ നിർമ്മാതാവാണ് `` സമയത്തേക്കാൾ അൽപ്പം മുന്നിലുള്ളത്?,gr,HUM
ഏത് യു.എസ് നഗരമാണ് പസഫിക്കിന്റെ രാജ്ഞി?,city,LOC
ഏത് ടിവി സിറ്റ്‌കോം കഥാപാത്രത്തിന് എഥൽ പോട്ടർ എന്ന കന്നി നാമം ഉണ്ടായിരുന്നു?,ind,HUM
ആദ്യത്തെ ലൈഫ്‌സേവർ ഫ്ലേവർ എന്തായിരുന്നു?,food,ENTY
ഇംഗ്ലീഷ് ഭാഷയിലെ ഏറ്റവും പ്രശസ്തമായ ഡയറി ആരാണ് സൂക്ഷിച്ചത്?,ind,HUM
മികച്ച 1 സിംഗിൾസ് എനിക്ക് എവിടെ നിന്ന് കണ്ടെത്താനാകും?,other,LOC
ഒരു കുക്കുമ്പറിന്റെ ഉള്ളിൽ പുറത്തെ വായുവിനേക്കാൾ എത്ര ഡിഗ്രി തണുപ്പ് കൂടുതലാണ്?,count,NUM
ഏത് സ്പാനിഷ് കലാകാരനാണ് ക്രൂശീകരണം വരച്ചത്?,ind,HUM
യഹൂദ ബൈബിൾ എന്താണ് വിളിക്കുന്നത്?,cremat,ENTY
എന്തുകൊണ്ടാണ് പുല്ല് പച്ചയായിരിക്കുന്നത്?,reason,DESC
എന്താണ് ഫയർവാൾ?,def,DESC
റോയിട്ടറിന്റെയും ടൈംസ് ഓഫ് ലണ്ടന്റെയും മോസ്കോ ലേഖകനായി സേവനമനുഷ്ഠിച്ച ചാര നോവലിസ്റ്റ്?,ind,HUM
ഏത് എണ്ണക്കമ്പനിയാണ് അതിന്റെ പുതിയ അന്താരാഷ്ട്ര നാമമായി ജാപ്പനീസ് ഭാഷയിൽ `` സ്റ്റാൾഡ് കാർ' എന്നർത്ഥമുള്ള ഒരു വാക്ക് തിരഞ്ഞെടുത്തത്?,gr,HUM
സ്പൈഡർ മാന്റെ വെബ് ബാഷ്പീകരിക്കപ്പെടാൻ എത്ര സമയമെടുക്കും?,period,NUM
റാൻഡി സ്റ്റീവൻ ക്രാഫ്റ്റിന്റെ അഭിഭാഷകൻ ആരായിരുന്നു?,ind,HUM
സ്പൈസ് ഐലൻഡ് എന്നറിയപ്പെടുന്നത്?,other,LOC
പേഴ്‌സൺ ടു പേഴ്‌സണിന്റെ ആദ്യ ഹോസ്റ്റ് ആരായിരുന്നു?,ind,HUM
യോഗി കരടിയുടെ പിന്നാലെ എപ്പോഴും ഉണ്ടായിരുന്ന റേഞ്ചറുടെ പേര്,ind,HUM
"ഭാഗ്യചക്രം, പ്രണയികൾ, മരണം എന്നിവ ഉൾപ്പെടുന്ന കാർഡുകളുടെ ഡെക്ക് ഏതാണ്?",other,ENTY
സ്റ്റാച്യു ഓഫ് ലിബർട്ടി അവളുടെ കാലിൽ എന്താണ് ധരിക്കുന്നത്?,other,ENTY
റെന്റ് എ കാറുകളിലെ സൂപ്പർ താരം ആരാണ്?,ind,HUM
ഏത് നഗരത്തിലാണ്?,city McCarren Airport is located,LOC
"ഫ്ലോട്ട് ബോൾ, ബോൾകോക്ക്, ഓവർഫ്ലോ ട്യൂബ് എന്നിവ അടങ്ങിയിരിക്കുന്ന ഗാർഹിക സൗകര്യം ഏതാണ്?",other,ENTY
ബെറ്റി ബൂപ്പിന്റെ നായയുടെ പേരെന്തായിരുന്നു?,animal,ENTY
ഒരു ബീവറിന്റെ ജീവിതത്തിന്റെ എത്ര ഭാഗമാണ് നീന്തലിനായി ചെലവഴിക്കുന്നത്?,perc,NUM
സാൻ ലൂയിസ് റേയുടെ പാലം എന്താണ് നിർമ്മിച്ചത്?,substance,ENTY
സാമ്പത്തിക വിദഗ്ധർ എന്താണ് ചെയ്യുന്നത്?,desc,DESC
ഏറ്റവും കൂടുതൽ ആടുകൾ ഉള്ള രാജ്യം?,country,LOC
വെസ്റ്റ് ഇൻഡീസിലെ ഡൊമിനിക്കയിൽ ഒരു വർഷം താമസിക്കാൻ എന്റെ നായയെ കൂടെ കൊണ്ടുപോകാൻ ഞാൻ എന്താണ് ചെയ്യേണ്ടത്?,desc,DESC
ലോകത്തിലെ ഏറ്റവും വലിയ കോഗ്നാക് ഇറക്കുമതി ചെയ്യുന്ന രാജ്യം ഏത്?,country,LOC
ജോണി വാക്കർ ബ്ലാക്ക് ലേബലിന് എത്ര വയസ്സുണ്ട്?,count,NUM
SIDS എന്താണ് സൂചിപ്പിക്കുന്നത്?,exp,ABBR
ഗ്രെനഡയുടെ പ്രധാന ചരക്ക് കയറ്റുമതി എന്താണ്?,other,ENTY
"കറുപ്പും വെളുപ്പും ഉള്ള 1 സെന്റ് സ്റ്റാമ്പിന് എത്ര വില വരും, അതിൽ തോമസ് ജെഫേഴ്സൺ ,?",money,NUM
എന്താണ് ക്ലിറ്റോറിസിനെ സെൻസിറ്റീവ് ആക്കുന്നത്?,reason,DESC
"ഏറ്റവും കൂടുതൽ സമയ മേഖലകളുള്ള രാജ്യമേതാണ്, 11 എണ്ണം?",country,LOC
മാൻഡ്രേക്ക് എന്ത് മാജിക്കാണ് ഉപയോഗിക്കുന്നത്?,other,ENTY
സ്റ്റാൻഫോർഡ് യൂണിവേഴ്സിറ്റിയുടെ പ്രസിഡന്റ് ആരാണ്?,ind,HUM
ആരുടെ ആദ്യ പ്രസിഡൻഷ്യൽ ഉത്തരവ് ഇതായിരുന്നു: ```നമുക്ക് ഈ ദൈവത്തെ വായുവിൽ എത്തിക്കാം''?,ind,HUM
1899-ൽ ലെവർകുസന്റെ ബയേർ എജി വാണിജ്യപരമായി എന്താണ് അവതരിപ്പിച്ചത്?,other,ENTY
ലോഗൻ എയർപോർട്ട് ഏത് നഗരത്തിലാണ്?,city,LOC
എന്താണ് നാനോമീറ്റർ?,def,DESC
ഒരു റെഗുലേഷൻ സോഫ്റ്റ്ബോൾ ഗെയിമിൽ എത്ര ഇന്നിംഗ്സുകൾ ഉണ്ട്?,count,NUM
എപ്പോഴാണ് CNN സംപ്രേഷണം ചെയ്തത്?,date,NUM
ഗ്രേറ്റ് തടാകങ്ങളിലെ ഏറ്റവും വലിയ നഗരം ഏതാണ്?,city,LOC
കെന്റക്കി സർവകലാശാലയുടെ ടെലിഫോൺ നമ്പർ എന്താണ്?,code,NUM
ആരാണ് ബേസ്ബോൾ കണ്ടുപിടിച്ചത്?,ind,HUM
ബ്രിഗാം യങ്ങിന് എത്ര ഭാര്യമാരുണ്ടായിരുന്നു?,count,NUM
മുഖത്തെ പാടുകൾ മറയ്ക്കാൻ വിപണിയിലുള്ള ഏത് ഉൽപ്പന്നമാണ് നല്ലത്?,product,ENTY
കോണി ഐലൻഡ് ബോർഡ്‌വാക്കിന്റെ നീളം എത്രയാണ്?,dist,NUM
പയർ-സൂപ്പ് മൂടൽമഞ്ഞിന് പേരുകേട്ട നഗരം ഏതാണ്?,city,LOC
`` ജാനെല്ലെ' എന്താണ് അർത്ഥമാക്കുന്നത്?,def,DESC
മറ്റൊരു നഗരത്തിലെ പത്രം എനിക്ക് എങ്ങനെ ലഭിക്കും?,manner,DESC
കെവിൻ കോസ്റ്റ്നർ അഭിനയിച്ച സിയോക്സ് ഇന്ത്യൻസിനെക്കുറിച്ചുള്ള ഒരു സിനിമയുടെ പേര്,cremat,ENTY
ഡക്കോട്ട പ്രദേശമായ ഡെഡ്‌വുഡിൽ ഒരു പോക്കർ ഗെയിമിനിടെ പിന്നിൽ വെടിയേറ്റത് ആരാണ്?,ind,HUM
അറേബ്യൻ കുതിരയുടെ വ്യതിരിക്തമായ ശാരീരിക സവിശേഷതകൾ എന്തൊക്കെയാണ്?,desc,DESC
ഇടിയുടെ ഭയം എന്താണ്?,dismed,ENTY
ഏറ്റവും കൂടുതൽ ആളുകളെ കൊന്ന മൃഗം ഏതാണ്?,animal,ENTY
വ്യോമിംഗിൽ എത്ര കോളേജുകളുണ്ട്?,count,NUM
"""കിഴക്കിന്റെ പ്രഭു"" എന്നർഥമുള്ള പേര് ഏത് റഷ്യൻ തുറമുഖത്തിനുണ്ട്?",city,LOC
സ്റ്റോക്കുകൾ ഓൺലൈനായി എവിടെ വ്യാപാരം ചെയ്യാം?,other,LOC
ഹേസ്റ്റിംഗ്സ് യുദ്ധം എപ്പോഴായിരുന്നു?,date,NUM
ഏത് തരത്തിലുള്ള ഫയലാണ് .dbf വിപുലീകരണമുള്ളത്?,other,ENTY
എപ്പോഴാണ് മുഹമ്മദ് ജീവിച്ചിരുന്നത്?,date,NUM
"ചിത്രകാരന്മാരായ മോനെ, സിസ്‌ലി, പിസാരോ, റിനോയർ, ഡെഗാസ് എന്നിവരോട് എന്ത് അപകീർത്തികരമായ പദം പ്രയോഗിച്ചു?",termeq,ENTY
എന്താണ് ഒരു വോപ്പ്?,def,DESC
പാറകൾ എവിടെ നിന്ന് വരുന്നു?,desc,DESC
ഒരു കാർ സ്റ്റീരിയോയിൽ പശ്ചാത്തല ശബ്ദം എങ്ങനെ നിർത്താം?,manner,DESC
നേപ്പാളിൽ ആളുകൾ എവിടെയാണ് മല കയറുന്നത്?,mount,LOC
രാജ്യത്തെ ഏറ്റവും മികച്ച കോളേജ് ഏതാണ്?,gr,HUM
എന്താണ് വിസ്കോസിറ്റി?,def,DESC
ടോണി ഡാൻസയ്‌ക്കൊപ്പം അലീസ മിലാനോ അഭിനയിച്ച സിറ്റ്‌കോമിന്റെ പേരെന്താണ്?,cremat,ENTY
നോർഡിക് രാജ്യങ്ങൾ ഏതൊക്കെയാണ്?,country,LOC
അമേരിക്കൻ ബിൽ ഓഫ് റൈറ്റ്സിലെ അഞ്ചാം ഭേദഗതിയെക്കുറിച്ചുള്ള വിവരങ്ങൾ ഇന്റർനെറ്റിൽ എവിടെ നിന്ന് ലഭിക്കും?,other,LOC
വടക്ക് ഇല്ലിനോയിസ് ഏത് യു.എസ് സംസ്ഥാന അതിർത്തിയാണ്?,state,LOC
ജൂഡ് ലോ അഭിനയിച്ച ഒരു സിനിമയുടെ പേര്,cremat,ENTY
പീച്ചി ഓട്സ് മഫിനുകൾ ബേക്കിംഗ് ചെയ്യുന്നതിനുള്ള താപനില എത്രയാണ്?,temp,NUM
തേനീച്ചകളോടുള്ള ഭയം എന്താണ്?,dismed,ENTY
പ്രൊഫസർ ഹംബർട്ട് 12 വയസ്സുള്ള ഒരു പെൺകുട്ടിയുമായി പ്രണയത്തിലാണെന്ന് വ്‌ളാഡിമിർ നബോക്കോവ് അവതരിപ്പിക്കുന്ന നോവൽ എന്താണ്?,cremat,ENTY
എന്താണ് ഗ്രീൻ ബോഗ്?,def,DESC
സാന്താക്ലോസിന്റെ മിത്ത് എവിടെ നിന്നാണ് ഉത്ഭവിച്ചത്?,other,LOC
ഒരു ചെയർബൗണ്ട് ബാസോഫോബിക് ഭയം എന്താണ്?,other,ENTY
ലോഗൻ ഇന്റർനാഷണൽ എയർപോർട്ട് ഏത് നഗരത്തിലാണ് സർവീസ് നടത്തുന്നത്?,city,LOC
'ദി ഇൻക്രെഡിബിൾ ഹൾക്ക്' ആയി മാറിയ ഗുസ്തി താരം?,ind,HUM
Reims-ലേക്ക് വിനോദസഞ്ചാരികളെ ആകർഷിക്കുന്നതെന്താണ്?,other,LOC
സ്റ്റീവ് മക്വീനും എഡ്വേർഡ് ജി റോബിൻസണും സിൻസിനാറ്റി കിഡിൽ എന്ത് ഗെയിം കളിക്കുന്നു?,sport,ENTY
1893-ൽ വിറ്റ്‌കോംബ് ജഡ്‌സൺ ഏത് ഫാസ്റ്റനറിന് പേറ്റന്റ് നേടി?,other,ENTY
ഫ്രാൻസിൽ ഒരു വഴുതന എന്താണ്?,def,DESC
1965-ലെ ബ്രോഡ്‌വേ ഹിറ്റ് ഗോൾഡൻ ബോയിലെ താരം ആരായിരുന്നു?,ind,HUM
യു.എസിൽ എവിടെയാണ് പ്രോക്ടർ & ഗാംബിൾ പ്രവർത്തിക്കുന്നത്?,other,LOC
വില്യം ബൂത്തും ഭാര്യ കാതറിനും ചേർന്ന് സ്ഥാപിച്ച സൈന്യം?,gr,HUM
റിബാവിറിൻ എന്താണ് ഉൾക്കൊള്ളുന്നത്?,substance,ENTY
വെയിലിൽ ഒന്നാം സ്ഥാനത്തുള്ള ശീതളപാനീയത്തിന് പേര് നൽകുക.,food,ENTY
ജനപ്രതിനിധിസഭയിലെ അംഗങ്ങളുടെ ഇ-മെയിൽ വിലാസങ്ങളുടെ പട്ടികയുടെ വെബ് വിലാസം എന്താണ്?,other,LOC
അവളുടെ യഥാർത്ഥ പേര് എന്തായിരുന്നു?,ind,HUM
എന്തുകൊണ്ടാണ് ചെവികൾ നിങ്ങളുടെ സന്തുലിതാവസ്ഥയുടെ കേന്ദ്രമായിരിക്കുന്നത്?,reason,DESC
ആരാണ് ടൂത്ത് ബ്രഷ് കണ്ടുപിടിച്ചത്?,ind,HUM
ക്രീപ്‌സ് പാടിയ ആ ജനപ്രിയ ഗാനത്തിന്റെ പേരെന്തായിരുന്നു?,cremat,ENTY
മ്ലേച്ഛമായ ഹിമമനുഷ്യൻ എവിടെയാണ് അലഞ്ഞുതിരിയാൻ പറയുന്നത്?,other,LOC
തനിച്ചായിരിക്കാൻ എന്താണ് ഭയം?,dismed,ENTY
``കാരണം' എന്നതിന്റെ ചിഹ്നം എത്ര ഡോട്ടുകൾ ഉണ്ടാക്കുന്നു?,count,NUM
പാലിൽ ലാക്ടോബാസിലസ് ബൾഗാറിക്കസ് ചേർത്താൽ നിങ്ങൾക്ക് എന്ത് ലഭിക്കും?,food,ENTY
"ക്ലാസിഫൈഡ് പരസ്യങ്ങൾ വായിക്കുമ്പോൾ, EENTY : മറ്റുള്ളവ എന്തിനെ സൂചിപ്പിക്കുന്നു?",exp,ABBR
ഒക്ടോപസിന് എത്ര ഹൃദയങ്ങളുണ്ട്?,count,NUM
ഏറ്റവും വലിയ വിത്ത് ഏത് ചെടിയിലാണ്?,plant,ENTY
1979 മുതൽ നിങ്ങൾക്ക് ഇസ്രായേലിലേക്ക് ഓടിക്കാൻ അനുവദിച്ച ഒരേയൊരു രാജ്യം ഏതാണ്?,country,LOC
"ഒരു സൈക്കിൾ യാത്രികൻ വിളിച്ചുപറയുമ്പോൾ എന്താണ് സമീപിക്കുന്നത്: `` എണ്ണ""?",other,ENTY
"ഏത് ബേസ്ബോൾ താരമാണ് പ്രതിവർഷം $1 , 000 കരാർ താൻ സമ്പാദിച്ചില്ലെന്ന് തോന്നിയതിനാൽ നിരസിച്ചത്?",ind,HUM
ഏത് തരത്തിലുള്ള കായിക വിനോദമാണ് പലപ്പോഴും ഹൂളിഗൻസുമായി ബന്ധപ്പെട്ടിരിക്കുന്നത്?,sport,ENTY
ഏത് വീഡിയോ ഗെയിം ഹീറോയെയാണ് അദ്ദേഹത്തിന്റെ ചില ആരാധകർ ചോമ്പർ എന്ന് വിളിക്കുന്നത്?,ind,HUM
ഒരു ടെൻപിൻ ബൗളിംഗ് ബോളിൽ എത്ര ദ്വാരങ്ങളുണ്ട്?,count,NUM
ഇംഗ്ലീഷ് ഭാഷയിലെ ഏറ്റവും ദൈർഘ്യമേറിയ വാക്ക് ഏതാണ്?,word,ENTY
ഏറ്റവും കൂടുതൽ സ്വവർഗ്ഗാനുരാഗികൾ താമസിക്കുന്ന നഗരം അല്ലെങ്കിൽ സംസ്ഥാനം ഏതാണ്?,other,LOC
"മുൻ സിനിമാ താരം നോറ ഡെസ്മണ്ട്, സെക്രട്ടറി മിസ്സിസ് വിഗ്ഗിൻസ്, യൂനിസ് എന്ന വീട്ടമ്മ എന്നിവരടങ്ങിയ ടിവി ഹാസ്യതാരങ്ങളുടെ കഥാപാത്രങ്ങൾ ഏതാണ്?",ind,HUM
എന്താണ് ബിയറിന്റെ കരടി'?,animal,ENTY
ഐബിഎം-അനുയോജ്യമായ മെഷീനുകളിൽ പ്രവർത്തിക്കുന്ന ഓപ്പറേറ്റിംഗ് സിസ്റ്റത്തിന് പേര് നൽകുക,other,ENTY
'ജസ്റ്റിൻ' എന്ന പേരിന്റെ അർത്ഥമെന്താണ്?,def,DESC
ശരീരത്തിന്റെ എത്ര ശതമാനം പേശികളാണ്?,perc,NUM
"കിടാവിന്റെ റോസ്റ്റുകൾ, ചോപ്സ് എന്നിവയ്ക്കൊപ്പം ഏത് നിറത്തിലുള്ള ഡ്രൈ വൈൻ നൽകണം?",color,ENTY
ഒരു ഗോൾഫ് പന്ത് എന്താണ് നിർമ്മിച്ചിരിക്കുന്നത്?,substance,ENTY
എന്താണ് അമിഷ് മതം?,def,DESC
ന്യൂ ഇംഗ്ലണ്ടിൽ ഒരു ശരാശരി ഡേകെയർ ദാതാവിന് എന്ത് പ്രതിഫലം ലഭിക്കും?,money,NUM
പെൻസിൽവാനിയ ഖനന മേഖലകളിൽ 187-കളിലെ ഐറിഷ് ഭീകരസംഘത്തിന്റെ പേരെന്തായിരുന്നു?,gr,HUM
1939 ലെ സ്റ്റേജ്‌കോച്ച് എന്ന സിനിമയിൽ റിംഗോ കിഡ് ആയി അഭിനയിച്ചത് ആരാണ്?,ind,HUM
ജോൺ എഫ്. കെന്നഡി മരിച്ച സ്ഥലത്ത് നിന്ന് 1 അടി അകലെ ആരാണ് മരിച്ചത്?,ind,HUM
എന്താണ് `` കോപ്പർടോപ്പ്' ബാറ്ററി?,def,DESC
വാട്ടർ കാരിയർ ഏത് രാശിചിഹ്നമാണ്?,symbol,ENTY
സ്റ്റോക്ക് മാർക്കറ്റിൽ നിങ്ങൾ ഏത് മൃഗങ്ങളെയാണ് കാണുന്നത്?,animal,ENTY
എന്താണ് നിറം?,def,DESC
www.questions.com എന്ന സൈറ്റ് എപ്പോഴാണ് തുറക്കാൻ പോകുന്നത്?,date,NUM
റോസ്‌ട്രോപോവിച്ചിന് വേണ്ടി ഷോസ്റ്റകോവിച്ച് എന്താണ് എഴുതിയത്?,cremat,ENTY
ജനനസമയത്ത് നിപ്സി റസ്സലിന് നൽകിയ ആദ്യ പേര് എന്താണ്?,ind,HUM
ഇലക്‌ട്രിക് വാഹനത്തെക്കുറിച്ചുള്ള ചില സൗജന്യ സാങ്കേതിക വിവരങ്ങൾ എനിക്ക് എങ്ങനെ ലഭിക്കും?,manner,DESC
ബീറ്റിൽസിലെ ഏറ്റവും പ്രായം കുറഞ്ഞയാൾ ആരാണ്?,ind,HUM
കപ്പൽശാല ഇൻസ്പെക്ടർ ജെയിംസ് ജെ. കിൽറോയ് എങ്ങനെയാണ് ഉപകരണങ്ങൾ തൃപ്തികരമാണെന്ന് നിശ്ചയിച്ചത്?,manner,DESC
എന്താണ് ജെല്ലിക്കിൾ ക്യാറ്റ്?,def,DESC
റഷ്യയെക്കുറിച്ചുള്ള സംവാദത്തിനുള്ള ഏറ്റവും മികച്ച തെളിവുകൾ എനിക്ക് എവിടെ കണ്ടെത്താനാകും?,other,LOC
മൈക്രോസോഫ്റ്റ് ഇ-മെയിൽ വിലാസത്തിന്റെ ബിൽ ഗേറ്റ്സ് എന്താണ്?,other,LOC
ഏറ്റവും കാഠിന്യമുള്ള രണ്ടാമത്തെ പദാർത്ഥം ഏതാണ്?,substance,ENTY
എന്തുകൊണ്ടാണ് നിരവധി സാൻ ഡീഗോ സ്കൂളുകൾ വിദ്യാർത്ഥികൾക്ക് ആപ്പിൾ നൽകുന്നത് നിർത്തിയത്?,reason,DESC
ഏത് റഷ്യൻ നഗരമാണ് ഹെർമിറ്റേജ് മ്യൂസിയം ഉള്ളത്?,city,LOC
എപ്പോഴാണ് ബാസ്റ്റിൽ ദിനം?,date,NUM
എന്താണ് ഒരു ചുഴലിക്കാറ്റ് തിരിയുന്നത്?,reason,DESC
ഒരു സ്റ്റോക്ക് M16-ന് എത്ര ഷോട്ടുകൾ പിടിക്കാനാകും?,count,NUM
നിങ്ങൾ പ്രോട്ടാനോപ്പിയ ബാധിച്ചാൽ ഏത് രണ്ട് നിറങ്ങളാണ് നിങ്ങൾ അന്ധരായിരിക്കുന്നത്?,color,ENTY
"എന്തുകൊണ്ടാണ് നിങ്ങൾ ഒരുതരം മത്സരം നടത്താത്തത്, അവിടെ നിങ്ങൾ ഒരു ചോദ്യം ചോദിക്കുന്നു, ഉത്തരം കണ്ടെത്തുന്നയാൾക്ക് സമ്മാനം ലഭിക്കും?",reason,DESC
ആരാണ് കൊറോണഡോ?,desc,HUM
"ഷാരോൺ സ്റ്റോൺ, അർനോൾഡ് ഷ്വാസ്‌നെഗർ എന്നിവർ അഭിനയിച്ച സിനിമയുടെ പേരെന്താണ്?",cremat,ENTY
എന്താണ് ആർട്ടിഫിഷ്യൽ ഇന്റലിജൻസ്?,def,DESC
ഫ്ലാറ്റ്ഫിഷ് എന്താണ് കഴിക്കുന്നത്?,food,ENTY
ആദ്യത്തെ വിശുദ്ധ റോമൻ ചക്രവർത്തി ആരായിരുന്നു?,ind,HUM
ചില ഡിസ്‌കറ്റുകളിൽ നിന്ന് ശാഠ്യമുള്ള ഗംഡ് ലേബലുകൾ നീക്കംചെയ്യാൻ എനിക്ക് എന്ത് ഉപയോഗിക്കാം?,other,ENTY
ആഴ്ചയിലെ ഏത് ദിവസമാണ് ഏറ്റവും മാരകമായ വാഹനാപകടങ്ങൾ കാണുന്നത്?,date,NUM
മാജിക് എന്ന വാക്കിന്റെ ഉത്ഭവം എന്താണ്?,desc,DESC
ഏത് കായിക ഇനത്തിലാണ് നിങ്ങൾ ഷാഗ് ഫ്ലൈസ് ചെയ്യുന്നത്?,sport,ENTY
എന്താണ് വൈറ്റ് ചോക്ലേറ്റ്?,def,DESC
ട്രിനിഡാഡ് എവിടെയാണ്?,other,LOC
സെക്യൂരിറ്റി കൗൺസിൽ അധ്യക്ഷനായ സംഘടനയുടെ പേര്,gr,HUM
"''ഡോ യാ ലോ-ഓ-ഓവ് മി? നഗ്നനാകൂ, കുഞ്ഞേ!'?",ind,HUM
ഏത് തരത്തിലുള്ള വീഞ്ഞാണ് സ്പുമന്റെ?,food,ENTY
ചെക്ക്‌മേറ്റിൽ പോർട്ടലി ക്രിമിനോളജിസ്റ്റ് കാൾ ഹയാട്ടിനെ അവതരിപ്പിച്ചത് ആരാണ്?,ind,HUM
സ്പാനിഷിൽ ഞാൻ നിന്നെ സ്നേഹിക്കുന്നതെങ്ങനെ?,termeq,ENTY
ജിന എന്ന പേരിന്റെ അർത്ഥമെന്താണ്?,def,DESC
ലോകത്തിലെ ഏറ്റവും നൂതനമായ ഹാൻഡ്‌ഹെൽഡ് കാൽക്കുലേറ്റർ ഏതാണ്?,product,ENTY
പ്രകാശത്തിന്റെ വേഗത എത്രയാണ്?,speed,NUM
ഭൂമധ്യരേഖയ്ക്ക് ചുറ്റുമുള്ള താഴ്ന്ന മർദ്ദത്തിന്റെ വലയത്തെ എന്താണ് വിളിക്കുന്നത്?,termeq,ENTY
എന്താണ് ഷൂട്ടിംഗ് നക്ഷത്രങ്ങൾ?,def,DESC
1993 ചാമ്പ്യൻഷിപ്പിൽ ചിക്കാഗോ ബുൾസ് ആരെയാണ് തോൽപ്പിച്ചത്?,gr,HUM
ആദ്യത്തെ അമേരിക്കൻ എൻസൈക്ലോപീഡിയ എപ്പോഴാണ് പ്രസിദ്ധീകരിച്ചത്?,date,NUM
ന്യൂയോർക്ക് നഗരത്തിലെ ഏറ്റവും ഉയരം കൂടിയ കെട്ടിടം ഏതാണ്?,other,LOC
ഈസ്റ്റർ ഞായറാഴ്ചയുടെ തീയതി എങ്ങനെയാണ് നിർണ്ണയിക്കുന്നത്?,manner,DESC
മേരിലാൻഡ് സംസ്ഥാനത്തിന്റെ മുദ്രാവാക്യം എന്താണ്?,desc,DESC
ആരാണ് ഡെസ്മണ്ട് ടുട്ടു?,desc,HUM
റോഡ് ഐലൻഡിലെ നരഗൻസെറ്റ് ഇന്ത്യക്കാരെയും മറ്റ് ഗോത്രങ്ങളെയും കുറിച്ചുള്ള വിവരങ്ങൾ എനിക്ക് എവിടെ കണ്ടെത്താനാകും?,other,LOC
വംശനാശം സംഭവിച്ച ഒരു കടുവയുടെ പേര് നൽകുക,animal,ENTY
ഒരു പൗണ്ടിന് എത്ര ക്വാർട്ടറുകൾ തുല്യമാണ്?,count,NUM
ഫോഡോർ ഏതുതരം പുസ്തകങ്ങളാണ് പ്രസിദ്ധീകരിക്കുന്നത്?,cremat,ENTY
ടിവിയുടെ ലാഫ്-ഇന്നിലെ താരങ്ങളായ റോവന്റെയും മാർട്ടിന്റെയും ആദ്യ പേരുകൾ ഏതാണ്?,ind,HUM
ബൈബിളിലെ ഏത് അധ്യായത്തിലാണ് ഏറ്റവും കൂടുതൽ വാക്യങ്ങൾ ഉള്ളത്?,ord,NUM
അമേരിക്കയിലെ എക്കാലത്തെയും മോശം പ്രസിഡന്റ് ആരാണ്?,ind,HUM
ലിറ്റിൽ ബ്രൗൺ വിശുദ്ധൻ എന്നറിയപ്പെട്ടിരുന്ന ഏഷ്യൻ നേതാവ്?,ind,HUM
നാഷണൽ ബ്യൂറോ ഓഫ് ഇൻവെസ്റ്റിഗേഷൻ എന്നതിന്റെ ചുരുക്കെഴുത്ത് എന്താണ്?,abb,ABBR
ഏറ്റവും വേഗതയേറിയ കാർ എത്ര വേഗത്തിൽ പോകുന്നു?,speed,NUM
ലോകത്തിലെ ഏറ്റവും ഉയരം കൂടിയ പർവ്വതം ഏതാണ്?,mount,LOC
പ്ലേസ് ഡി ലാ കോൺകോർഡിൽ നിന്ന് നിങ്ങൾക്ക് എന്ത് കമാനം കാണാൻ കഴിയും?,other,LOC
ബെൻ ജോൺസന്റെ ``നിൻെറ കണ്ണുകളാൽ എനിക്ക് കുടിക്കൂ' എന്ന ഗാനം ആലപിച്ചതാരാണ്?,ind,HUM
ഒരു വ്യക്തി വൃത്തിയാകുന്നതിന് മുമ്പ് എത്രനേരം കൈ കഴുകണം?,period,NUM
ഘടികാരദിശയിലോ എതിർ ഘടികാരദിശയിലോ ജ്വാല വർദ്ധിപ്പിക്കാൻ നിങ്ങളുടെ Bic ഏത് വഴിയാണ് തിരിക്കുക?,other,LOC
ലോകത്തിലെ ഏറ്റവും സമ്പന്നമായ രാജ്യം ഏതാണ്?,country,LOC
എനിക്ക് ഒരാളുടെ ഇമെയിൽ വിലാസം മാത്രമേ അറിയൂ എങ്കിൽ അവരുടെ ഫോൺ നമ്പർ എങ്ങനെ കണ്ടെത്താനാകും?,manner,DESC
നിങ്ങൾക്ക് എങ്ങനെ പ്ലേ പ്രൊഡ്യൂസർമാരെയും പ്രൊമോട്ടർമാരെയും ഓൺലൈനിൽ ബന്ധപ്പെടാം?,manner,DESC
യുണൈറ്റഡ് കിംഗ്ഡത്തിന്റെ രാജാവ് ആരാണ്?,ind,HUM
ഉയർന്ന വസ്തുക്കൾ കടന്നുപോകുന്നതിനുള്ള ഭയം എന്താണ്?,dismed,ENTY
സംഗീത കസേരകളുടെ ഗെയിമിൽ സംഗീതം നിർത്തുമ്പോൾ കളിക്കാർ എന്താണ് ചെയ്യാൻ ശ്രമിക്കുന്നത്?,desc,DESC
യുഎസിലെ ഏറ്റവും സാധാരണമായ പത്ത് പെൺകുട്ടികളുടെ പേരുകൾ ഏതാണ്?,ind,HUM
എന്തുകൊണ്ടാണ് പടിഞ്ഞാറൻ രാജ്യങ്ങളിൽ വിലാപത്തിന്റെ നിറം കറുപ്പ്?,reason,DESC
ഏറ്റവും അപൂർവമായ നാണയം ഏതാണ്?,other,ENTY
ഡയാൻ കീറ്റൺ അഭിനയിച്ച ജൂഡിത്ത് റോസ്‌നർ ഏത് നോവലാണ് സിനിമയാക്കിയത്?,cremat,ENTY
ഓസ്‌ട്രേലിയയുടെ ഏറ്റവും വലിയ കയറ്റുമതി വിപണി ഏതാണ്?,country,LOC
കെന്റക്കി ഹോഴ്സ് പാർക്ക് എവിടെയാണ് സ്ഥിതി ചെയ്യുന്നത്?,other,LOC
പരാന്നഭോജികളുടെ ഭയം എന്താണ്?,dismed,ENTY
ഏത് ഒളിമ്പിക് ഗെയിംസിലാണ് നാദിയ കൊമാനേസി ജനപ്രിയമായത്?,sport,ENTY
ആരാണ് ടൂറിസത്തിൽ വിവരശേഖരണം നടത്തുന്നത്?,ind,HUM
ജോൺ റോൾഫിനെ വിവാഹം കഴിച്ച വിർജീനിയ മേധാവി പോഹാട്ടന്റെ മകളുടെ പേരെന്താണ്?,ind,HUM
പെക്കനും നിലക്കടലയും വളരുന്ന സംസ്ഥാനം ഏതാണ്?,state,LOC
ഒരു നിഹിലിസ്റ്റ് എന്താണ് വിശ്വസിക്കുന്നത്?,desc,DESC
ഭൗതികശാസ്ത്രത്തിനുള്ള നൊബേൽ സമ്മാനം ലഭിക്കുമെന്ന് കേട്ടപ്പോൾ റിച്ചാർഡ് ഫെയ്ൻമാൻ എന്താണ് പറഞ്ഞത്?,desc,DESC
"ഏത് കായിക ഇനത്തിലാണ് ഇനിപ്പറയുന്ന സംഖ്യകൾ പ്രസക്തമാകുന്നത്: 118, 126, 134, 142, 15, 158, 167, 177, 19?",sport,ENTY
യുണൈറ്റഡ് ആർട്ടിസ്റ്റുകളുടെ നാല് പ്രശസ്ത സ്ഥാപകർ ആരായിരുന്നു?,ind,HUM
മറ്റ് രാജ്യങ്ങൾക്ക് ഫ്രാൻസ് നൽകിയ 2 പ്രതിമകൾ ഏതാണ്?,cremat,ENTY
എന്താണ് ഉഭയജീവികൾ?,def,DESC
ഒരു ശരാശരി സ്ഖലനത്തിൽ എത്ര ബീജകോശങ്ങളുണ്ട്?,count,NUM
ഏകദേശം 19 സെന്റ് വില വരുന്ന ഡിസ്പോസിബിൾ റേസറിന് പേര് നൽകുക.,product,ENTY
ഹോം റൺ അടിച്ചാൽ എത്ര ദൂരം ഓടണം?,dist,NUM
നാസി യൂണിഫോം ധരിച്ച ഏക യുഎസ് പ്രസിഡന്റ് ആരാണ്?,ind,HUM
ഏത് സർവകലാശാല?,gr Woodrow Wilson served as president of,HUM
ഉഷ്ണമേഖലാ മഴക്കാടുകൾ എവിടെയാണ് വിതരണം ചെയ്യുന്നത്?,other,LOC
ഓഡ്‌സ്മേക്കർ ജിമ്മി സ്‌നൈഡറിന്റെ വിളിപ്പേര് എന്താണ്?,ind,HUM
സ്നേഹിക്കപ്പെടുമെന്ന ഭയം എന്താണ്?,dismed,ENTY
റാണ്ടി സ്റ്റീവൻ ക്രാഫ്റ്റ് കൊലപ്പെടുത്തിയതിന് ശിക്ഷിക്കപ്പെട്ട ആളുകളുടെ എണ്ണം എത്രയാണ്?,other,NUM
ഇന്ത്യയെ സംബന്ധിച്ച് വിക്ടോറിയ രാജ്ഞിയുടെ പദവി എന്തായിരുന്നു?,title,HUM
ഹൈഡ്രജൻ ബോംബ് അണുബോംബിൽ നിന്ന് എങ്ങനെ വ്യത്യാസപ്പെട്ടിരിക്കുന്നു?,manner,DESC
ഒരു മനുഷ്യന് ബഹിരാകാശത്ത് എത്ര ദൂരം സഞ്ചരിക്കാനാകും?,dist,NUM
എവിടെയാണ് ലിങ്കൺ കൊല്ലപ്പെട്ടത്?,other,LOC
ഏത് തരത്തിലുള്ള ഭക്ഷണമാണ് നിങ്ങളെ തടിയാക്കുന്നത്?,food,ENTY
ശരീരത്തിലെ ചലനം ക്രമേണ നഷ്‌ടപ്പെടുത്തുന്ന നാഡീകോശങ്ങളെ ചുറ്റിപ്പറ്റിയുള്ള പ്രോട്ടീൻ കവചത്തെ ആക്രമിക്കുന്ന ക്രോണിക് ന്യൂറോളജിക്കൽ ഓട്ടോ ഇമ്മ്യൂൺ രോഗത്തിന്റെ പേരെന്താണ്?,dismed,ENTY
1969-ലെ യുഎസ് ഹൈവേ മരണസംഖ്യ എത്രയായിരുന്നു?,count,NUM
"ഡോർസെറ്റ്‌സ്, ലിങ്കൺസ്, ഓക്‌സ്‌ഫോർഡ്‌സ്, സൗത്ത്‌ഡൗൺസ് എന്നിവ ഏതുതരം മൃഗങ്ങളാണ്?",animal,ENTY
ഇതുവരെ നിർമ്മിച്ചതിൽ ഏറ്റവും ചെറുതും ദൈർഘ്യമേറിയതുമായ ഗാനങ്ങൾ ഏതാണ്?,cremat,ENTY
ഒരു ടൈപ്പ്റൈറ്റർ കീബോർഡിൽ K യുടെ വലതുവശത്തുള്ള അക്ഷരം ഏതാണ്?,letter,ENTY
"""ഹാജോ"" എന്ന പേരിന്റെ ഉത്ഭവവും അർത്ഥവും എന്താണ്?",desc,DESC
ഗൾഫ് എന്നതിന്റെ ബഹുവചനം എന്താണ്?,word,ENTY
ആരുടെ ആത്മകഥ യെസ് എനിക്ക് കഴിയും?,ind,HUM
ഏത് വർഷമാണ് യുണൈറ്റഡ് സ്റ്റേറ്റ്സ് പകർപ്പവകാശ നിയമം പാസാക്കിയത്?,date,NUM
എത്ര ശതമാനം അമേരിക്കക്കാർക്ക് അവരുടെ വീടുകൾ ഉണ്ട്?,perc,NUM
ആഴ്ചയിലെ ആദ്യ ദിവസം എന്താണ്?,date,NUM
പ്രസിഡന്റ് വില്യം മക്കിൻലി ഏത് നഗരത്തിലാണ് വെടിയേറ്റത്?,city,LOC
ലോകത്തിലെ ഏറ്റവും നീളം കൂടിയ സബ്‌വേ സംവിധാനമുള്ള നഗരം ഏതാണ്?,city,LOC
"കൻസാസ് പസഫിക് റെയിൽവേ പണിയുന്ന ജീവനക്കാർക്ക് ഭക്ഷണമായി 4, 280 എരുമകളെ കൊന്നുവെന്ന് ആരാണ് അവകാശപ്പെട്ടത്?",ind,HUM
എന്താണ് ബോംബെ താറാവ്?,def,DESC
ഒരു കുക്കുമ്പറിന്റെ ഉള്ളിൽ പുറത്തെ വായുവിനേക്കാൾ എത്ര ഡിഗ്രി തണുപ്പ് കൂടുതലാണ്?,count,NUM
എന്തൊരു ഡബിൾ ടോക്കിംഗ് `` പ്രൊഫസർ' ഇൻ നത്തിംഗിൽ ഡോക്ടറേറ്റ് നേടിയിട്ടുണ്ട്?,ind,HUM
ലോകത്തിലെ ഏറ്റവും ചെലവേറിയ അഞ്ച് നഗരങ്ങൾ ഏതാണ്?,city,LOC
19-ാം നൂറ്റാണ്ടിലെ ഏത് എഴുത്തുകാരനാണ് സണ്ണിസൈഡ് എന്ന് വിളിക്കപ്പെടുന്ന ഹഡ്‌സണിൽ ഒരു കൺട്രി എസ്റ്റേറ്റ് ഉണ്ടായിരുന്നത്?,ind,HUM
ഫേബർ മംഗോൾ പെൻസിൽ എത്ര പാളികളുള്ള മഞ്ഞ പെയിന്റ് സ്പ്രേ ചെയ്യാൻ ഭാഗ്യമുണ്ട്?,count,NUM
എന്താണ് ഒരു വെർച്വൽ IP വിലാസം?,def,DESC
റൗഹൈഡിലെ പാചകക്കാരന്റെ പേരെന്തായിരുന്നു?,ind,HUM
ചിക്കാഗോ ഏത് കൗണ്ടിയിലാണ്?,other,LOC
ഒരു കോണ്ടറിന്റെ ചിറകുകൾ എത്രയാണ്?,dist,NUM
ഏത് മുഖത്തിന്റെ സവിശേഷതയാണ് സാധാരണയായി 55 രോമങ്ങൾ ഉൾക്കൊള്ളുന്നത്?,desc,DESC
"ഓഷ്യൻ സീസിന്റെ അഡ്മിറൽ ആയും വൈസ്രോയിയും അദ്ദേഹം കണ്ടെത്തിയേക്കാവുന്ന എല്ലാ ദ്വീപുകളുടെയും ഗവർണർ ജനറലും ആരെയാണ് നാമകരണം ചെയ്തത്, കൂടാതെ 10-?? അവന്റെ യാത്രയുടെ എല്ലാ ലാഭവും",ind,HUM
ഒരു കമ്പ്യൂട്ടറിൽ നിന്ന് മറ്റൊന്നിലേക്ക് ഫയലുകൾ എങ്ങനെ കൊണ്ടുപോകാം?,manner,DESC
വാക്കുകളിൽ ഒരു കളിയുടെ സാഹിത്യ പദം എന്താണ്?,termeq,ENTY
അവരുടെ കുതിരകൾക്ക് എന്ത് നിറമായിരുന്നു?,color,ENTY
ന്യൂ ഇംഗ്ലണ്ടിൽ ഒരു ശരാശരി ഡേകെയർ ദാതാവിന് എന്ത് പ്രതിഫലം ലഭിക്കും?,money,NUM
1930-കളുടെ തുടക്കത്തിൽ 468 പൗണ്ട് ഭാരമുള്ള മാർലിൻ ആയുധമില്ലാതെ ഇറക്കിയ എഴുത്തുകാരൻ ആരാണ്?,ind,HUM
അമേരിക്കൻ വിപ്ലവത്തിൽ എത്ര അമേരിക്കക്കാർ ബ്രിട്ടീഷുകാർക്ക് വേണ്ടി പോരാടി?,count,NUM
ഒരു ഫ്ലൈറ്റ് അറ്റൻഡന്റ് ആകാൻ എനിക്ക് എന്ത് തരത്തിലുള്ള വിദ്യാഭ്യാസമാണ് വേണ്ടത്?,other,ENTY
മാൾട്ടയിലെ രണ്ട് ഭാഷകൾ ഏതൊക്കെയാണ്?,lang,ENTY
"എത്ര സമുദ്രങ്ങളുണ്ട്, അവയുടെ പേര്?",count,NUM
1832-ലെ ബ്ലാക്ക്‌ഹോക്ക് ഇന്ത്യൻ യുദ്ധത്തിൽ എന്താണ് സംഭവിച്ചത്?,desc,DESC
ലോബ്സ്റ്ററിന് എത്ര ജോഡി കാലുകൾ ഉണ്ട്?,count,NUM
ലാറ്റിൻ ആന്റേ മോർട്ടം എന്താണ് അർത്ഥമാക്കുന്നത്?,def,DESC
ഷാൻ എന്ന പേരിന്റെ അർത്ഥമെന്താണ്?,def,DESC
ഡാന്യൂബ് എവിടെയാണ്?,other,LOC
ഷെയ്ക ദേന അൽ-ഫാരിക്ക് വേണ്ടി യു.എസ് ചരിത്രത്തിലെ ഏറ്റവും വലിയ വിവാഹമോചന സെറ്റിൽമെന്റ് നേടിയ 85 മില്യൺ ഡോളർ ഏത് അഭിഭാഷകനാണ്?,ind,HUM
ഫലിതങ്ങളുടെ കൂട്ടത്തെ നിങ്ങൾ എന്താണ് വിളിക്കുന്നത്?,animal,ENTY
1981 മാർച്ച് 6 ന് അദ്ദേഹത്തിന്റെ അവസാന വാർത്താകാസ്റ്റ് ആരാണ് നൽകിയത്?,ind,HUM
"`` ലൂയി , ലൂയി' എത്ര തവണ റെക്കോർഡ് ചെയ്തിട്ടുണ്ട്?",count,NUM
KnowPost.com-ൽ നിന്ന് Answers.com എങ്ങനെ വ്യത്യാസപ്പെട്ടിരിക്കുന്നു?,manner,DESC
യുഎസിലെ ഏറ്റവും ദൈർഘ്യമേറിയ സ്ഥലത്തിന്റെ പേര് ഏതാണ്?,other,LOC
ഒരു ദശാബ്ദക്കാലം അധികാരത്തിലിരുന്നിട്ട് എത്ര ശതമാനം താച്ചറെ ഇഷ്ടപ്പെട്ടു?,perc,NUM
Buzz Aldrin എവിടെയാണ് സ്ഥിരമായ ഒരു മനുഷ്യ ബഹിരാകാശ നിലയം നിർമ്മിക്കാൻ ആഗ്രഹിക്കുന്നത്?,other,LOC
മെൽ ഗിബ്‌സന്റെ ആദ്യ സിനിമ ഏതാണ്?,cremat,ENTY
എന്തുകൊണ്ടാണ് ഷിയ ആൻഡ് ഗൗൾഡിന്റെ എൽ.എ. ഓഫീസ് അടച്ചത്?,reason,DESC
ഞാൻ എങ്ങനെ ഒരു ബാങ്ക് തുടങ്ങും?,manner,DESC
Ouija ബോർഡുകൾ എങ്ങനെയാണ് പ്രവർത്തിക്കുന്നത്?,manner,DESC
ഏത് കുതിരയാണ് സോറോ സവാരി ചെയ്തത്?,animal,ENTY
ഒരു കുപ്പിയിൽ നിന്ന് തകർന്ന കോർക്ക് എങ്ങനെ പുറത്തെടുക്കും?,manner,DESC
തേഡ് ഐ ബ്ലൈൻഡ് ഗാനങ്ങൾക്കായി എനിക്ക് ശരിയായ ടാബുകൾ എവിടെ കണ്ടെത്താനാകും?,other,LOC
നിങ്ങളുടെ വീടിന്റെ ചൂടാക്കൽ ആവശ്യകതകൾ എങ്ങനെ നിർണ്ണയിക്കും?,manner,DESC
ഏത് മുൻ പ്രധാന ലീഗ് ഇടംകൈയ്യൻ ബേസ്ബോൾ പിച്ചർ `` സ്പേസ് മാൻ' എന്നറിയപ്പെടുന്നു?,ind,HUM
"ഏത് മുടി സംരക്ഷണ ഉൽപ്പന്നമാണ് `` ആ നരയെ വെറുക്കുക, കഴുകിക്കളയുക' എന്ന് ഞങ്ങളോട് പറഞ്ഞത്?",product,ENTY
ആ കോഴി എന്തിനാണ് വഴി മുറിച്ചു കടന്നത്?,reason,DESC
മൈക്കലാഞ്ചലോയുടെ അവസാന നാമം എന്തായിരുന്നു?,ind,HUM
ആരാണ് ബാർബറ ജോർദാൻ?,desc,HUM
അമേരിക്കൻ പ്രസിഡന്റ് തെരഞ്ഞെടുപ്പിൽ ഡെമോക്രാറ്റിക് സ്ഥാനാർത്ഥി ആരായിരുന്നു?,ind,HUM
കണക്റ്റിക്കട്ടിന്റെ ആദ്യത്തെ ഭരണഘടനയുടെ പേര്?,cremat,ENTY
1899-ൽ ഡോഗ്‌ടൗണിൽ നടന്ന ചരിത്രസംഭവം എന്താണ്?,event,ENTY
മില്ലേനിയം ബഗിനെക്കുറിച്ച് എന്താണ് ചെയ്യുന്നത്?,def,DESC
കിംഗ് ക്യാമ്പ് ഗില്ലറ്റിന്റെ പ്രശസ്തി എന്തായിരുന്നു?,reason,DESC
യുഎസിൽ ഏറ്റവും സാധാരണമായ ത്വക്ക് അർബുദം ഏതാണ്?,dismed,ENTY
എന്താണ് ഒലെസ്ട്ര?,def,DESC
പശുക്കൾക്കുള്ള അവകാശ ബിൽ ഏത് ഏഷ്യൻ രാജ്യമാണ്?,country,LOC
ഒരു വില്ലു വരയ്ക്കാൻ എത്ര വിരലുകൾ ഉപയോഗിക്കുന്നു?,count,NUM
വസ്ത്രങ്ങൾ നിർമ്മിക്കുന്ന രണ്ട് സസ്യങ്ങൾ ഏതാണ്?,plant,ENTY
ഹ്യൂഗോ ചുഴലിക്കാറ്റ് എപ്പോഴായിരുന്നു?,date,NUM
ഏറ്റവും കൂടുതൽ കഫീൻ അടങ്ങിയ ശീതളപാനീയം ഏതാണ്?,food,ENTY
പേൾ ഹാർബറിനെതിരായ ആക്രമണത്തെത്തുടർന്ന് കോൺഗ്രസിന്റെ ആദ്യത്തെ അംഗം ഏതാണ്?,ind,HUM
വേരിയൻ അസോസിയേറ്റ്സ് വാക്വം പ്രൊഡക്റ്റ് ഡിവിഷന്റെ വില എന്തായിരുന്നു?,money,NUM
എപ്പോഴാണ് `` മഹാമാന്ദ്യം'?,date,NUM
ബ്രസീലിൽ ഏറ്റവും കൂടുതൽ സംസാരിക്കുന്ന ഭാഷ ഏതാണ്?,lang,ENTY
ഏറ്റവും കൂടുതൽ വിജയിച്ച സൂപ്പർ ബൗൾ ക്വാർട്ടർബാക്കുകൾ നിർമ്മിച്ച കോളേജ് ഏതാണ്?,gr,HUM
നിങ്ങൾ എങ്ങനെയാണ് ``റൂബിക്സ് ക്യൂബ്' പരിഹരിക്കുക?,manner,DESC
എന്താണ് തയ്യാറാക്കിയ കടുക്?,def,DESC
ഏത് ക്ലാസിക്കൽ സ്പാനിഷ് എഴുത്തുകാരൻ മുന്നറിയിപ്പ് നൽകി: ``മിന്നുന്നതെല്ലാം സ്വർണ്ണമല്ല''?,ind,HUM
`` ആന്റിഡിസെസ്റ്റാബ്ലിഷ്മെന്റേറിയനിസം' എന്താണ് അർത്ഥമാക്കുന്നത്?,def,DESC
ജോൺ എഫ് കെന്നഡിയുടെ സഹോദരിയെ വിവാഹം കഴിച്ച നടൻ?,ind,HUM
ഒരു ടോപ്പോഫോബിക് നടൻ എന്താണ് അനുഭവിക്കുന്നത്?,dismed,ENTY
സാൻ ഡിയാഗോ കൗൺസിലിൽ നിന്ന് മരിയ യെബറയെ പുറത്താക്കിയത് ആരാണ്?,ind,HUM
ഇറ്റാലിയൻ കലാകാരനായ മൗറിസിയോ പെല്ലെഗ്രിന് എത്ര വയസ്സുണ്ട്?,period,NUM
ഏത് തരം വേട്ടയാടാനാണ് റിട്രീവറുകൾ ഉപയോഗിക്കുന്നത്?,other,ENTY
കോളിൻ പവൽ എന്തിനാണ് കൂടുതൽ അറിയപ്പെടുന്നത്?,reason,DESC
മാസ്റ്റേഴ്സിൽ ടീ ഓഫ് ചെയ്ത ആദ്യത്തെ കറുത്ത ഗോൾഫ് കളിക്കാരൻ ആരാണ്?,ind,HUM
പുച്ചിനിയുടെ ഓപ്പറ ലാ ബോഹേമിന്റെ പശ്ചാത്തലം ഏത് നഗരത്തിലാണ്?,city,LOC
തേനീച്ച പൂമ്പൊടിയിൽ തിന്നാൻ ഇഷ്ടം കാണിച്ച യുഎസ് പ്രസിഡന്റ്?,ind,HUM
ക്യൂറികളിൽ എന്താണ് അളക്കുന്നത്?,def,DESC
യൂണിവേഴ്സൽ ഇംപോർട്ട് ആൻഡ് എക്‌സ്‌പോർട്ടിലെ ഒരു ജീവനക്കാരന്റെ കവർ ആരുടെതാണ്?,ind,HUM
മർഡർ ഇൻ ദി വൈറ്റ് ഹൗസ് എന്ന പേരിൽ ഒരു പുസ്തകം എഴുതിയ മുൻ പ്രസിഡന്റിന്റെ മകൾ?,ind,HUM
ഏത് സാങ്കൽപ്പിക കഥാപാത്രത്തെയാണ് ``മെലാഞ്ചലി ഡെയ്ൻ' എന്നറിയപ്പെടുന്നത്?,ind,HUM
എന്ത്?,product Italy is the largest producer of,ENTY
1984-ൽ സെൻട്രൽ പാർക്കിൽ ജോഗിംഗിനിടെ മരിച്ചുവീണ ദീർഘകാല ഗെയിം ഷോ ഹോസ്റ്റ് ഏതാണ്?,ind,HUM
"എന്താണ് W.B. യെറ്റിന്റെ കവിത, `` ദി ത്രീ ഹെർമിറ്റുകൾ?",def,DESC
ജീവിച്ചിരിക്കുന്നവരിൽ ഏറ്റവും വൃത്തികെട്ട ആളുകൾ ആരായിരുന്നു?,ind,HUM
ലോകത്തിലെ ഏറ്റവും മാരകമായ പകർച്ചവ്യാധി ഏതാണ്?,dismed,ENTY
എന്താണ് സ്പുമന്റെ?,def,DESC
ഏത് വർഷത്തിലാണ് അയർലൻഡ് ആദ്യ വനിതാ പ്രസിഡന്റായി തിരഞ്ഞെടുക്കപ്പെട്ടത്?,date,NUM
എന്താണ് ഇസ്ത്മസ്?,def,DESC
ഒരു ഫംഗസ് അണുബാധ മൂലം ചത്ത ഓർക്കായുടെ പേരെന്താണ്?,animal,ENTY
മൊസാംബിക് എവിടെയാണ് സ്ഥിതി ചെയ്യുന്നത്?,other,LOC
മിസിസിപ്പിയുടെ സംസ്ഥാന മൃഗം ഏതാണ്?,animal,ENTY
വാർത്ത എന്ന വാക്കിന്റെ ഉത്ഭവം എന്താണ്?,desc,DESC
ഡാൻ അയ്‌ക്രോയിഡും ജോൺ ബെലൂഷിയും സാറ്റർഡേ നൈറ്റ് ലൈവ് ഉപേക്ഷിച്ച് എന്തായി?,other,ENTY
ഒരു സാധാരണ മനുഷ്യ ഗർഭം എത്ര മാസം നീണ്ടുനിൽക്കും?,count,NUM
ഫ്യൂവൽ ഇൻജക്ടറുകൾ എങ്ങനെയാണ് പ്രവർത്തിക്കുന്നത്?,manner,DESC
മാസിയുടെ താങ്ക്സ്ഗിവിംഗ് പരേഡിൽ നിങ്ങളുടെ സ്കൂൾ എങ്ങനെ മാർച്ചുചെയ്യാനാകും?,manner,DESC
ഡിസ്ക് ജോക്കിയുടെ യഥാർത്ഥ പേര് `` വൂൾഫ്മാൻ ജാക്ക്'?,ind,HUM
1985-ൽ ഹൈജാക്ക് ചെയ്യപ്പെട്ട ഇറ്റാലിയൻ വിമാനം ഏതാണ്?,veh,ENTY
പ്രോക്ടർ ആൻഡ് ഗാംബിളിന്റെ യുഎസ് ആസ്ഥാനം ഏത് നഗരത്തിലാണ്?,city,LOC
"""ആളുകളെ ഇഷ്ടപ്പെടുന്ന ആളുകൾക്കുള്ള"" സോപ്പ് ഏതാണ്?",product,ENTY
1991 ലെ മിനിമം വേതനം എത്രയായിരുന്നു?,money,NUM
NAFTA എന്താണ് സൂചിപ്പിക്കുന്നത്?,exp,ABBR
ആരാണ് സില്ലി പുട്ടി കണ്ടുപിടിച്ചത്?,ind,HUM
കഴിഞ്ഞ വർഷം പെൻസിൽവാനിയയിലെ ഫിലാഡൽഫിയയിൽ നിർമ്മിച്ച പുതിയ മിഡിൽ സ്കൂൾ ഏതാണ്?,gr,HUM
ആദ്യത്തെ ഫോണോഗ്രാഫിന് പേറ്റന്റ് നേടിയത് ആരാണ്?,ind,HUM
ഒരു അടുപ്പിൽ തീ ഉണ്ടാക്കുന്നതിനുള്ള ചില നുറുങ്ങുകൾ എന്തൊക്കെയാണ്?,techmeth,ENTY
മാനറ്റീസ് എന്താണ് കഴിക്കുന്നത്?,food,ENTY
ലാറ്റിനിൽ എങ്ങനെയാണ് 2 എന്ന് പറയുന്നത്?,termeq,ENTY
1920-കളിൽ ജനപ്രിയമായ പാട്ടുകളും പാട്ടുകളുടെ തരങ്ങളും എന്തായിരുന്നു?,cremat,ENTY
സോവിയറ്റ് യൂണിയനിൽ എത്ര വിയറ്റ്നാമീസ് ഉണ്ടായിരുന്നു?,count,NUM
നവംബറിന്റെ ജന്മശില എന്താണ്?,other,ENTY
എന്താണ് ഒരു സർട്ടിഫൈഡ് നഴ്‌സ് മിഡ്‌വൈഫ്?,def,DESC
ചന്ദ്രനിലേക്ക് എത്ര മൈലുകൾ ഉണ്ട്?,"count On average ,",NUM
സ്വകാര്യ ഡിറ്റക്ടീവായ ഫിലിപ്പ് മാർലോയെ സൃഷ്ടിച്ചത് ആരാണ്?,ind,HUM
"1958-ലെ ഫിക്ഷൻ ബെസ്റ്റ് സെല്ലറായി 5, 0 കോപ്പികൾ വിറ്റ ബോറിസ് പാസ്റ്റെർനാക് പുസ്തകം ഏതാണ്?",cremat,ENTY
``ടൗട്ട് ഡി സ്യൂട്ട്' എന്ന പദപ്രയോഗത്തിന്റെ ഉത്ഭവം എന്താണ്?,desc,DESC
ഏറ്റവും ദൈർഘ്യമേറിയ ഇംഗ്ലീഷ് പദം ഏതാണ്?,word,ENTY
ഒരു കാർ ബ്രായുടെ ഉദ്ദേശ്യം എന്താണ്?,reason,DESC
എന്താണ് ഡി.ബി. കൂപ്പർ അറിയപ്പെടുന്നത്?,reason,DESC
ആരാണ് കോളിൻ പവൽ?,desc,HUM
കോൾട്ട് ഏത് ഇനമാണ്?,animal,ENTY
PLO യുടെ മുഴുവൻ പേര് എന്താണ്?,exp,ABBR
ആഫ്രിക്കയിലെ ഏറ്റവും ചെറിയ രാജ്യം ഏതാണ്?,country,LOC
അദ്ദേഹത്തിന്റെ NN ന്യൂറോമാൻസർ എന്ന നോവലിൽ NN സൈബർസ്പേസ് എന്ന പദം ഉപയോഗിച്ചത് ആരാണ്?,ind,HUM
വെങ്കലയുഗത്തിന് ശേഷം ഏത് കാലഘട്ടം?,event,ENTY
അവളുടെ തൊഴിൽ എന്താണ്?,title,HUM
42.3 ക്വിന്റില്യൺ സാധ്യതയുള്ള കോമ്പിനേഷനുകളുള്ള മൾട്ടികളർ ഗെയിം ക്യൂബ് കണ്ടുപിടിച്ച മനുഷ്യന്റെ മുഴുവൻ പേര് എന്താണ്?,ind,HUM
ലേസർ എന്ന പദം എന്താണ് സൂചിപ്പിക്കുന്നത്,exp,ABBR
"""ആന്റണി"" എന്ന പേരിന്റെ അർത്ഥമെന്താണ്?",def,DESC
ലോറൻ ബാക്കലിന്റെ ആദ്യ ഭർത്താവ് ആരായിരുന്നു?,ind,HUM
എന്താണ് റോംബോയ്ഡിയസ് മൈനർ?,def,DESC
ബ്‌ജോർൺ ബോർഗ് നെറ്റിയിൽ അടിക്കുമ്പോൾ എത്ര കൈകൾ ഉപയോഗിക്കുന്നു?,count,NUM
ഡി-ഡേയിൽ എത്ര പേർ മരിച്ചു?,count,NUM
യു.എസ്. കോൺഗ്രസുകാരൻ പറഞ്ഞത്: ``വിശ്വാസം നിലനിർത്തൂ കുഞ്ഞേ.,ind,HUM
ആരാണ് സ്ക്രൂജ് എന്ന കഥാപാത്രത്തെ സൃഷ്ടിച്ചത്?,ind,HUM
ആംഹെർസ്റ്റിലെ മസാച്യുസെറ്റ്‌സ് സർവകലാശാലയിലെ വിദ്യാർത്ഥി ജനസംഖ്യ എത്രയാണ്?,other,NUM
വിൻഡ്‌സർ കാസിൽ എവിടെയാണ്?,other,LOC
എപ്പോഴാണ് ഡൗ ആദ്യമായി എത്തിയത്?,date,NUM
എന്തുകൊണ്ടാണ് വിയറ്റ്നാം യുദ്ധത്തിനായി ആളുകളെ റിക്രൂട്ട് ചെയ്തത്?,reason,DESC
വിൻസ്റ്റൺ ചർച്ചിൽ ഏത് പാർട്ടിയിൽ അംഗമായിരുന്നു?,gr,HUM
1926 നും 1964 നും ഇടയിൽ ഏത് അമേരിക്കൻ ലീഗ് ബേസ്ബോൾ ടീമിന്റെ ഏറ്റവും മോശം ഫിനിഷാണ് നാലാമത്തെത്?,gr,HUM
എല്ലാ 15 പോക്കിമോണുകളുടെയും പേരുകൾ എനിക്ക് എവിടെ കണ്ടെത്താനാകും?,other,LOC
മാർത്ത സ്റ്റുവാർട്ട് ഏത് സംസ്ഥാനത്താണ് താമസിക്കുന്നത്?,state,LOC
ഏത് കൊലയാളി തിമിംഗലമാണ് സീ വേൾഡിൽ ഫംഗസ് ബാധിച്ച് ചത്തത്?,animal,ENTY
ബെനെലക്സ് രാജ്യങ്ങൾ ഏതൊക്കെയാണ്?,country,LOC
പെട്രിഫൈഡ് ഫോറസ്റ്റ് എവിടെയാണ്?,other,LOC
സിയോക്സ് സംസാരിക്കുന്ന ഭാഷ ഏതാണ്?,lang,ENTY
ടൊർണാഡോ അല്ലി എവിടെയാണ്?,other,LOC
ജോൺ ബ്രൗൺസ് ബോഡിയുടെ രചയിതാവ് ആരാണ്?,ind,HUM
"അമേരിക്കൻ കവി എന്താണ് എഴുതിയത്: ""നല്ല വേലികൾ നല്ല അയൽക്കാരെ ഉണ്ടാക്കുന്നു""?",ind,HUM
യുഎസിൽ ഏറ്റവും കൂടുതൽ കറുത്തവർഗ്ഗക്കാരുള്ള സംസ്ഥാനം ഏതാണ്?,state,LOC
കാലിഫോർണിയയേക്കാൾ വടക്കുകിഴക്കൻ മേഖലയിൽ ഇലക്ട്രിക് കാറുകളുടെ കാര്യക്ഷമത കുറവായിരിക്കുന്നത് എന്തുകൊണ്ട്?,reason,DESC
മാൻഡി റൈസ്-ഡേവീസിന്റെ തൊഴിൽ എന്തായിരുന്നു?,title,HUM
മൗറിസിയോ പെല്ലെഗ്രിൻ താമസിക്കുന്ന നഗരത്തെ എന്താണ് വിളിക്കുന്നത്?,city,LOC
ആരാണ് സിസ്റ്റൈൻ ചാപ്പൽ വരച്ചത്?,ind,HUM
ഡോ. ഹെൻറി പിമ്മിന്റെ വിവിധ വേഷവിധാനങ്ങളുടെ പേര് നൽകുക,ind,HUM
ഏത് ഇനം നായയായിരുന്നു `` ലിറ്റിൽ റാസ്കൽസ്' നായ?,animal,ENTY
ക്യൂബയിലെ ജീവിത സാഹചര്യങ്ങൾ എന്തൊക്കെയാണ്?,desc,DESC
സ്കൂൾ ബസുകൾ ഏത് നിറമാണ്?,color,ENTY
ഇന്റർനെറ്റിലെ ഏറ്റവും പഴയ വെബ്സൈറ്റ് ഏതാണ്?,other,LOC
1978 ജനുവരി 26ന് എന്ത് സംഭവങ്ങളാണ് നടന്നത്?,event,ENTY
ഏത് പര്യവേക്ഷകരാണ് കൊളംബസിനെ അമേരിക്കയിലേക്ക് പിന്തുടർന്നത്?,ind,HUM
നടി ഗോൾഡി ഹോണിന്റെ ഇപ്പോഴത്തെ നടൻ കാമുകൻ ആരാണ്?,ind,HUM
ഗെയിമുകളിൽ വാതുവെപ്പ് നടത്തിയതിന് പീറ്റർ റോസിനെ ബേസ്ബോളിൽ നിന്ന് വിലക്കിയത് ആരാണ്?,ind,HUM
എന്താണ് ഏഴ് ഗുണങ്ങൾ?,def,DESC
"""കൊച്ചു റാസ്കലുകൾ"" അറിയപ്പെട്ടിരുന്ന മറ്റ് ഏത് പേരുകളാണ്?",termeq,ENTY
സാൻ ഫ്രാൻസിസ്കോ അഗ്നിബാധ എപ്പോഴാണ്?,date,NUM
ഭക്ഷണത്തോടുള്ള ഭയം എന്താണ്?,dismed,ENTY
"NJ, അറ്റ്ലാന്റിക് സിറ്റിയിൽ എത്ര കാസിനോകളുണ്ട്?",count,NUM
വിയറ്റ്നാം യുദ്ധം അവസാനിച്ച വർഷം?,date,NUM
റിച്ചാർഡ് നിക്സന്റെ രണ്ട് പെൺമക്കളുടെ പേരുകൾ എന്തൊക്കെയാണ്?,ind,HUM
ഭിത്തിയുടെ മുകളിൽ സിമന്റിൽ പതിഞ്ഞിരിക്കുന്ന തകർന്ന ഗ്ലാസ് അല്ലെങ്കിൽ മൂർച്ചയുള്ള പാറകൾ എന്താണ്?,word,ENTY
ആനയുടെ ക്രോമസോം നമ്പർ എന്താണ്?,count,NUM
റവ. ജെറി ഫാൽവെൽ സ്ഥാപിച്ച സംഘടന?,gr,HUM
ലോകത്തിലെ ഏറ്റവും നീളം കൂടിയ നദി ഏതാണ്?,other,LOC
മഡോണ ഏത് ശീതളപാനീയത്തിന് വേണ്ടിയാണ് പരസ്യം ചെയ്യുന്നത്?,food,ENTY
"Yahoo ഏത് കമ്പനിയാണ് വാങ്ങുന്നത്, ഇടപാടിന്റെ മൂല്യം എത്രയാണ്?",gr,HUM
എപ്പോഴാണ് ബെർലിനിലെ ബ്രാൻഡൻബർഗ് ഗേറ്റ് സ്ഥാപിച്ചത്?,date,NUM
ഒരു സ്‌ക്രാബിൾ ക്രോസ്‌വേഡ് ഗെയിം ബോർഡിൽ എത്ര ഡബിൾ വേഡ് സ്‌കോർ സ്‌പെയ്‌സുകളുണ്ട്?,count,NUM
ഏത് വർഷമാണ് ജർമ്മനി സോവിയറ്റ് യൂണിയനുമായി അധിനിവേശ കരാർ ഒപ്പിട്ടത്?,date,NUM
ലോകത്തിലെ ഏറ്റവും ഉയരം കൂടിയ റെയിൽപാത ഏത് പർവതനിരയിലൂടെ കടന്നുപോകുന്നു?,mount,LOC
"ഒന്നാം ലോകമഹായുദ്ധത്തിലെ അമേരിക്കൻ പട്ടാളക്കാരെ ""ഡോഫ്‌ബോയ്‌സ്"" എന്ന് വിളിച്ചത് എന്തുകൊണ്ടാണ്",reason,DESC
ദി ലിറ്റിൽ കോർപ്പറൽ എന്ന് വിളിപ്പേരുള്ളതാര്?,ind,HUM
ഗാർത്ത് ബ്രൂക്ക്സ് എത്ര സിഡികൾ വിറ്റു?,count,NUM
ഡിസി കോമിക്സിൽ അറ്റാരി ഫോഴ്സ് ഉപയോഗിക്കുന്ന പാത്രത്തിന് പേര് നൽകുക,veh,ENTY
ശ്വാസകോശ രോഗങ്ങളിൽ വിദഗ്ധരായ പ്രമുഖ മെഡിക്കൽ ഗ്രൂപ്പുകൾ എവിടെയാണ്?,other,LOC
എന്റെ ആറാം ക്ലാസുകാരന്റെ ഓൺലൈൻ അക്ഷരവിന്യാസവും വിരാമചിഹ്നങ്ങളും എങ്ങനെ കണ്ടെത്താനാകും?,manner,DESC
ഇന്ത്യയുടെ പുണ്യ നദി ഏതാണ്?,other,LOC
സ്റ്റെഫാൻ എഡ്ബർഗിന്റെ ജന്മദേശം ഏതാണ്?,country,LOC
മനുഷ്യരിൽ സ്വയം പുനരുജ്ജീവിപ്പിക്കാൻ കഴിയുന്ന ഒരേയൊരു ഗ്രന്ഥി ഏതാണ്?,body,ENTY
എത്ര ഗുട്ടൻബർഗ് ബൈബിളുകൾ ഉണ്ട്?,count,NUM
തെക്കേ അമേരിക്കയിലെ ഏറ്റവും വലിയ രാജ്യത്തിന്റെ പേര്,country,LOC
1999 ജനുവരിയിൽ എന്ത് ജ്യോതിശാസ്ത്ര പ്രതിഭാസമാണ് നടക്കുന്നത്?,event,ENTY
"സെന്റ് ലൂയിസിലെ ഫെയർഗ്രൗണ്ട് പാർക്കിൽ നിങ്ങൾക്ക് എന്ത് വിവരങ്ങൾ ലഭിക്കും,",desc,DESC
അമേരിക്കൻ നാടോടി നായകൻ ജോൺ ചാപ്മാന്റെ വിളിപ്പേര് എന്തായിരുന്നു?,ind,HUM
ഒരു ശരാശരിയും ശരാശരിയും തമ്മിലുള്ള വ്യത്യാസം എന്താണ്?,desc,DESC
1998 ഏപ്രിലിൽ ഏറ്റവും മികച്ച ബോക്‌സ് ഓഫീസ് സിനിമ ഏതാണ്?,cremat,ENTY
എന്താണ് ഇടിമുഴക്കം ഉണ്ടാക്കുന്നത്?,reason,DESC
ഫോട്ടോഗ്രാഫർ യൂസഫ് കർഷ് ഏത് രചയിതാവാണ് ``ഞാൻ കണ്ടിട്ടുള്ളതിൽ വെച്ച് ഏറ്റവും വൃത്തികെട്ട മനുഷ്യൻ' എന്ന് വിശേഷിപ്പിച്ചത്?,ind,HUM
"യൂറോപ്പിലെ ഏറ്റവും വലിയ ഘടികാരം, വ്യാസം അനുസരിച്ച്?",other,ENTY
ഏത് ചെടിയിൽ നിന്നാണ് റം നിർമ്മിക്കുന്നത്?,plant,ENTY
ഗോഡിവ ചോക്ലേറ്റുകൾ ഏത് രാജ്യക്കാരാണ്?,country,LOC
"ആരംഭിക്കുന്ന കവിതയുടെ കവിയുടെ പേര്: എനിക്ക് ദൈവങ്ങളെക്കുറിച്ച് കൂടുതൽ അറിയില്ല; പക്ഷേ, നദി ഒരു ശക്തനായ തവിട്ടുനിറത്തിലുള്ള ദൈവമാണെന്നും മെരുക്കപ്പെടാത്തതാണെന്നും ഞാൻ കരുതുന്നു?",ind,HUM
പേറ്റന്റ് മരുന്നായി ഒരിക്കൽ വിറ്റത് ഏത് സുഗന്ധവ്യഞ്ജനമാണ്?,food,ENTY
ഏറ്റവും കുറവ് മഴ രേഖപ്പെടുത്തുന്ന യു.എസ്.,state,LOC
എന്തുകൊണ്ടാണ് 1929-ൽ ലോകം ഒരു ആഗോള മാന്ദ്യത്തിലേക്ക് കടന്നത്?,reason,DESC
"എന്തായിരുന്നു ആർക്കി, മെഹിതബെൽ?",def,DESC
ഏത് ടെക്സാസ് നഗരത്തിന് സ്പാനിഷ് ഭാഷയിൽ നിന്ന് `` മഞ്ഞ' എന്ന പേര് ലഭിച്ചു?,city,LOC
ഗ്ലോസ്റ്റിക്സിൽ ഉപയോഗിക്കുന്ന രാസവസ്തുക്കൾ എന്തൊക്കെയാണ്?,substance,ENTY
നൈൽ നദി ഏത് രാജ്യത്താണ് ഉത്ഭവിച്ചത്?,country,LOC
ടെന്നീസ് ബോളുകൾക്ക് എന്ത് നിറമാണ്?,color,ENTY
ഏത് ബാർറൂം ജഡ്ജിയാണ് പെക്കോസിന്റെ നിയമം വെസ്റ്റ് എന്ന് സ്വയം വിശേഷിപ്പിച്ചത്?,ind,HUM
ചൈനീസ് എംബസിയെ അടിച്ചതിന് നാറ്റോ ആളുകൾ എന്ത് ഒഴികഴിവാണ് നൽകിയത്?,desc,DESC
1994-ൽ കോസ്റ്റാറിക്കയുടെ പ്രസിഡന്റ് ആരായിരുന്നു?,ind,HUM
ഗ്രേറ്റ് ഗാറ്റ്‌സ്‌ബിയിൽ മേയർ വുൾഫ്‌ഷൈം ഏത് കായിക പരിപാടിയാണ് നിശ്ചയിച്ചിരിക്കുന്നത്?,sport,ENTY
ഡിപ്ലോമസി എന്ന ബോർഡ് ഗെയിമിൽ ഏറ്റവും മികച്ച പ്രതിരോധ സ്ഥാനം ഏതാണ്?,country,LOC
ഖൈബർ പാസ് പങ്കിടുന്ന രണ്ട് രാജ്യങ്ങൾ ഏതാണ്?,country,LOC
വാട്ടർഗേറ്റിന്റെ അടിത്തട്ടിൽ എത്താൻ ശ്രമിച്ച സെനറ്റ് സെലക്ട് കമ്മിറ്റിയുടെ ചെയർമാൻ ആരായിരുന്നു?,ind,HUM
ബ്രൗൺ എന്ന കുടുംബപ്പേരിന്റെ ഉത്ഭവം എന്താണ്?,desc,DESC
"ഏത് കാർഡ് ഗെയിമിനാണ് കാൻഫീൽഡ്, ക്ലോണ്ടൈക്ക്, സ്പൈഡർ എന്നിങ്ങനെയുള്ള വ്യത്യാസങ്ങൾ ഉള്ളത്?",sport,ENTY
എന്താണ് ഓസ്ട്രേലിയ ദിനം?,def,DESC
വടക്കേ അമേരിക്കയിലെ ഏത് സസ്തനിയാണ് വലിപ്പം കൊണ്ട് ലോകത്ത് ഏറ്റവും കൂടുതൽ കാലം ജീവിച്ചത്?,animal,ENTY
എന്തായിരുന്നു ചിവിംഗ്ടൺ കൂട്ടക്കൊല?,def,DESC
"1980-ലെ ബ്ലൂ ലഗൂൺ, 1982-ലെ ദി പൈറേറ്റ് മൂവി, 1983-ലെ എ നൈറ്റ് ഇൻ ഹെവൻ എന്നിവയിൽ അഭിനയിച്ച നടൻ?",ind,HUM
ലൂ ഗെഹ്‌റിഗ് തന്റെ കരിയറിൽ എത്ര ഹോം റണ്ണുകൾ നടത്തി?,count,NUM
സിൻ ഫെയ്‌നിന്റെ ആസ്ഥാനം ഏത് നഗരത്തിലാണ്?,city,LOC
ജോർജ്ജ് ബുഷിനെക്കുറിച്ചുള്ള വിവരങ്ങൾ എനിക്ക് എവിടെ കണ്ടെത്താനാകും?,other,LOC
മിസ് പിഗ്ഗിയുടെ ശബ്ദം ആരാണ്?,ind,HUM
കാർട്ടൂണുകളിലെ ഡയലോഗ് സർക്കിളിനെ എന്താണ് വിളിക്കുന്നത്?,termeq,ENTY
ജിഎം കാറായ കാമറോ എന്ന വാക്കിന്റെ അർത്ഥമെന്താണ്?,def,DESC
ദി മിസ് അമേരിക്ക മത്സരത്തിന്റെ അവതാരകയായി ബെർട്ട് പാർക്ക്സിനെ മാറ്റിയത് ആരാണ്?,ind,HUM
വിൻസ്‌ലോ ഹോമറിന്റെ 1872 ലെ സ്‌നാപ്പ് ദി വിപ്പ് പെയിന്റിംഗിൽ എത്ര ആൺകുട്ടികൾ ഗെയിം കളിക്കുന്നു?,count,NUM
എന്താണ് AIM-54C ഫീനിക്സ്?,def,DESC
എപ്പോഴാണ് ആടുകൾ മുറിക്കുന്നത്?,date,NUM
ക്രിസ് ജോഗിസ് ഏത് കായിക ഇനത്തിലെ മികച്ച കളിക്കാരനാണ്?,sport,ENTY
ലോകത്തിലെ ഏറ്റവും വലിയ രണ്ടാമത്തെ ദ്വീപ് ഏതാണ്?,other,LOC
താഴ്ന്ന ദ്വീപിന്റെ നിർവചനം എന്താണ്?,def,DESC
ഏത് നൂറ്റാണ്ടിലാണ് ക്യാപ്റ്റൻ വീഡിയോ ജീവിക്കുന്നത്?,date,NUM
ഏത് തരത്തിലുള്ള ജലമലിനീകരണമാണ് ഉള്ളത്?,other,ENTY
ഓരോ പ്രൊജക്റ്റ് മെർക്കുറി ഫ്ലൈറ്റിലും എത്ര ബഹിരാകാശയാത്രികർ ഉണ്ടായിരുന്നു?,count,NUM
ഏത് ശീതളപാനീയമാണ് എനിക്ക് ഏറ്റവും വലിയ കഫീൻ നൽകുന്നത്?,food,ENTY
മർട്ടിൽ ബീച്ചിലെ ഒരു ഗോൾഫ് കോഴ്സിന്റെ പേരെന്താണ്?,other,ENTY
1990-കളിലെ പ്രധാനപ്പെട്ട ചില ചരിത്രസംഭവങ്ങൾ ഏതൊക്കെയാണ്?,event,ENTY
ക്ലാസിക്കൽ ഗ്രീക്ക് നാടകങ്ങളുടെ നിലവിലുള്ള ഒരേയൊരു ട്രൈലോജിയുടെ പേര് നൽകുക,cremat,ENTY
ലോഗൻ എയർപോർട്ട് എവിടെയാണ്?,other,LOC
നിയോക്ലാസിക്കൽ കലയും റൊമാന്റിസിസം കലയും തമ്മിലുള്ള വ്യത്യാസം എന്താണ്?,desc,DESC
യുഎസ് നീന്തൽ ഹാൾ ഓഫ് ഫെയിമിൽ ആദ്യമായി ഇടം നേടിയ വ്യക്തി ആരാണ്?,ind,HUM
ഓഹിയോ ഫാറ്റ്‌സ് ആൻഡ് ബ്ലോബോ എന്ന് വിളിക്കപ്പെട്ട ഗോൾഫ് താരം?,ind,HUM
ആഗസ്റ്റ് 1 ന് ലെനോയെയും റോസ്മേരി ലാബിയങ്കയെയും കൊലപ്പെടുത്തിയത് ആരാണ്?,ind,HUM
നാല് വർഷത്തെ മെഡിക്കൽ സ്കൂളിന്റെ ശരാശരി ചെലവ് എന്താണ്?,money,NUM
ബൈബിളിന്റെ ആദ്യ വാക്യത്തിൽ ദൈവം എന്താണ് സൃഷ്ടിക്കുന്നത്?,other,ENTY
ഇനിപ്പറയുന്നവരിൽ ആരാണ് റീത്ത ഹേവർത്തിനെ വിവാഹം കഴിക്കാത്തത്?,ind,HUM
കെയ്‌റോയിൽ നിന്ന് ബാർബഡോസിലേക്കുള്ള നിലവിലെ ടിക്കറ്റ് നിരക്ക് എത്രയാണ്?,money,NUM
ഐറിഷ് കുടുംബപ്പേരുകളിൽ ഒരു ഉപസർഗ്ഗമായി ഉപയോഗിക്കുമ്പോൾ NN O `` എന്താണ് അർത്ഥമാക്കുന്നത്?,exp,ABBR
ഓക്സിഡേഷൻ നമ്പറുകൾ എങ്ങനെ കണ്ടെത്താം?,manner,DESC
മിസിസിപ്പിയുടെ സംസ്ഥാന വിളിപ്പേര് എന്താണ്?,state,LOC
സൗത്ത് ഡക്കോട്ടയിലെ ബ്ലാക്ക് ഹിൽസ് എന്താണ് ഏറ്റവും പ്രശസ്തമായത്?,reason,DESC
1966-ലെ ബൂബ് ട്യൂബ് ബോംബ് ബഹിരാകാശയാത്രികരെ ചരിത്രാതീത കാലത്തേക്ക് തിരികെ കൊണ്ടുപോയി?,cremat,ENTY
മസാച്യുസെറ്റ്‌സ് സർവകലാശാലയിൽ എത്ര വിദ്യാർത്ഥികൾ പഠിക്കുന്നു?,count,NUM
"""ഞാൻ മടങ്ങിവരാം"" എന്ന് ആരാണ് പറഞ്ഞത് ? രണ്ടാം ലോകമഹായുദ്ധസമയത്ത്?",ind,HUM
അയർലണ്ടിൽ എന്ത് അവധി ദിനങ്ങളാണ് ആഘോഷിക്കുന്നത്?,event,ENTY
ബുച്ച് കാസിഡിയുടെയും സൺഡാൻസ് കിഡിന്റെയും കൂട്ടുകാരിയായ എറ്റ പ്ലേസിനെ ആരാണ് അവതരിപ്പിച്ചത്?,ind,HUM
ഗ്രീക്ക് അക്കങ്ങൾ എന്തൊക്കെയാണ്?,def,DESC
ലാവോസിന്റെ തലസ്ഥാനത്തിന് സമീപം സ്ഥിതി ചെയ്യുന്ന ക്ഷേത്രത്തിന്റെ പേരെന്താണ്?,other,LOC
ഉറക്കത്തെക്കുറിച്ചുള്ള ഭയം എന്താണ്?,dismed,ENTY
വിൽബർ റീഡ് മൂന്ന് തവണ വിജയിച്ച ഓട്ടോ റേസ് ഏതാണ്?,sport,ENTY
യുഎസിൽ ഏറ്റവും സാധാരണമായ ബ്രീഡിംഗ് പക്ഷികൾ ഏതാണ്?,animal,ENTY
1866-ൽ ടെന്നസിയിലെ പുലാസ്‌കിയിൽ കോൺഫെഡറേറ്റ് വെറ്ററൻസ് സോഷ്യൽ ക്ലബ്ബായി എന്താണ് സംഘടിപ്പിച്ചത്?,event,ENTY
നിങ്ങൾ എങ്ങനെയാണ് ഇന്റർനെറ്റിൽ ക്രിമിനൽ റെക്കോർഡുകൾ തിരയുന്നത്?,manner,DESC
നടി മരിയോൺ ഡേവിസ് എവിടെയാണ് അടക്കം ചെയ്തത്?,other,LOC
പതിനാലാം ഭേദഗതി ഉപയോഗിക്കുന്ന ഒരു യഥാർത്ഥ കേസിന്റെ ഉദാഹരണം എന്താണ്?,desc,DESC
ആരായിരുന്നു ചാർളി പെർഫ്യൂം സ്ത്രീ?,ind,HUM
"""സാറ്റർഡേ നൈറ്റ് ലൈവ്"" എന്ന ടെലിവിഷൻ ഷോയിൽ ആരാണ് റോസന്ന റോസന്ന-ദാനയെ അവതരിപ്പിച്ചത്?""",ind,HUM
